,Zip Code,AREALAND,AREAWATR,Pop2010_x,HU100,NHW,NHB,NHAI,NHA,NHNH,NHO,NHT,HISP,PNHW,PNHB,PNHAI,PNHA,PNHNH,PNHO,PNHT,PHISP,POP65_,PCTPOP65,MEDAGE,VACNS,PVACNS,PHOWN,PWOMORT,PRENT,PLT18SP,TotalCases
7,20601,115635266.0,387684.0,24156.0,8722.0,9785.0,11146.0,155.0,880.0,11.0,48.0,849.0,1282.0,40.5,46.1,0.6,3.6,0.0,0.2,3.5,5.3,1922.0,8.0,37.3,376.0,4.3,71.1,11.2,19.9,30.4,1796.0
8,20602,35830723.0,352762.0,24955.0,9736.0,8466.0,13054.0,116.0,731.0,15.0,58.0,999.0,1516.0,33.9,52.3,0.5,2.9,0.1,0.2,4.0,6.1,1964.0,7.9,32.6,769.0,7.9,59.7,9.0,34.4,43.6,1985.0
9,20603,44239637.0,219356.0,28967.0,10317.0,9625.0,15025.0,98.0,1446.0,24.0,65.0,1091.0,1593.0,33.2,51.9,0.3,5.0,0.1,0.2,3.8,5.5,1400.0,4.8,34.5,531.0,5.1,73.8,4.7,22.6,29.9,2104.0
11,20606,7501011.0,1248760.0,431.0,230.0,377.0,45.0,1.0,4.0,0.0,0.0,0.0,4.0,87.5,10.4,0.2,0.9,0.0,0.0,0.0,0.9,108.0,25.1,49.1,15.0,6.5,49.7,39.3,18.1,31.2,12.0
12,20607,54357590.0,448221.0,9802.0,3504.0,2165.0,6321.0,33.0,560.0,3.0,6.0,234.0,480.0,22.1,64.5,0.3,5.7,0.0,0.1,2.4,4.9,847.0,8.6,40.9,172.0,4.9,83.1,10.3,7.4,22.1,853.0
13,20608,45583064.0,5330329.0,919.0,426.0,438.0,453.0,5.0,2.0,0.0,0.0,9.0,12.0,47.7,49.3,0.5,0.2,0.0,0.0,1.0,1.3,173.0,18.8,46.6,39.0,9.2,60.4,28.2,15.9,14.1,39.0
14,20609,25723294.0,6602735.0,1120.0,554.0,1009.0,82.0,2.0,1.0,1.0,0.0,15.0,10.0,90.1,7.3,0.2,0.1,0.1,0.0,1.3,0.9,271.0,24.2,47.6,32.0,5.8,44.8,38.7,27.0,28.9,41.0
15,20611,18243786.0,33481.0,1078.0,413.0,798.0,215.0,5.0,10.0,0.0,0.0,33.0,17.0,74.0,19.9,0.5,0.9,0.0,0.0,3.1,1.6,129.0,12.0,44.3,22.0,5.3,63.8,21.8,18.3,24.5,59.0
16,20612,604744.0,1337569.0,261.0,142.0,245.0,12.0,0.0,0.0,0.0,0.0,1.0,3.0,93.9,4.6,0.0,0.0,0.0,0.0,0.4,1.1,54.0,20.7,47.3,14.0,9.9,38.3,43.9,31.7,43.9,13.0
17,20613,195821362.0,3726835.0,11860.0,4424.0,4044.0,6786.0,106.0,186.0,4.0,8.0,321.0,405.0,34.1,57.2,0.9,1.6,0.0,0.1,2.7,3.4,1372.0,11.6,40.8,249.0,5.6,73.9,17.4,10.5,26.7,1103.0
18,20615,1883242.0,220896.0,405.0,204.0,352.0,32.0,2.0,3.0,1.0,0.0,13.0,2.0,86.9,7.9,0.5,0.7,0.2,0.0,3.2,0.5,73.0,18.0,42.4,18.0,8.8,60.9,25.2,18.6,25.9,20.0
19,20616,25397165.0,3717651.0,5857.0,2203.0,1891.0,3309.0,32.0,165.0,2.0,1.0,213.0,244.0,32.3,56.5,0.5,2.8,0.0,0.0,3.6,4.2,553.0,9.4,36.3,158.0,7.2,70.1,17.4,15.1,35.7,484.0
20,20617,16949455.0,17679.0,781.0,301.0,587.0,163.0,3.0,5.0,0.0,0.0,14.0,9.0,75.2,20.9,0.4,0.6,0.0,0.0,1.8,1.2,174.0,22.3,47.8,8.0,2.7,63.9,31.4,6.9,22.2,50.0
21,20618,14439547.0,2492573.0,607.0,280.0,523.0,65.0,4.0,1.0,0.0,3.0,4.0,7.0,86.2,10.7,0.7,0.2,0.0,0.5,0.7,1.2,138.0,22.7,45.2,18.0,6.4,52.6,35.3,18.6,26.5,37.0
22,20619,40517011.0,3714765.0,10503.0,4366.0,8071.0,1111.0,38.0,402.0,4.0,5.0,325.0,547.0,76.8,10.6,0.4,3.8,0.0,0.0,3.1,5.2,808.0,7.7,34.0,260.0,6.0,55.8,14.7,34.5,24.8,621.0
23,20620,10023159.0,240541.0,1443.0,557.0,1057.0,230.0,8.0,47.0,1.0,8.0,55.0,37.0,73.3,15.9,0.6,3.3,0.1,0.6,3.8,2.6,129.0,8.9,36.8,34.0,6.1,61.1,19.2,24.3,32.7,95.0
24,20621,35945451.0,4052045.0,1373.0,777.0,912.0,413.0,11.0,1.0,0.0,0.0,26.0,10.0,66.4,30.1,0.8,0.1,0.0,0.0,1.9,0.7,217.0,15.8,41.8,68.0,8.8,58.0,31.3,15.6,29.3,49.0
25,20622,96821277.0,1645404.0,4900.0,1485.0,3998.0,695.0,9.0,29.0,3.0,5.0,73.0,88.0,81.6,14.2,0.2,0.6,0.1,0.1,1.5,1.8,894.0,18.2,43.2,53.0,3.6,68.8,21.1,12.8,15.6,464.0
26,20623,4987134.0,19273.0,2744.0,892.0,370.0,2187.0,15.0,38.0,1.0,10.0,65.0,58.0,13.5,79.7,0.5,1.4,0.0,0.4,2.4,2.1,165.0,6.0,39.4,39.0,4.4,89.0,6.4,4.9,25.6,185.0
27,20624,32369763.0,1238952.0,1282.0,487.0,1145.0,118.0,3.0,1.0,0.0,0.0,9.0,6.0,89.3,9.2,0.2,0.1,0.0,0.0,0.7,0.5,128.0,10.0,39.1,15.0,3.1,56.4,30.9,18.4,22.6,77.0
28,20625,1244964.0,289553.0,1062.0,609.0,971.0,33.0,2.0,6.0,0.0,0.0,32.0,18.0,91.4,3.1,0.2,0.6,0.0,0.0,3.0,1.7,182.0,17.1,43.3,42.0,6.9,63.4,23.5,17.1,31.0,36.0
29,20626,3135030.0,3998116.0,373.0,230.0,337.0,21.0,0.0,0.0,3.0,1.0,4.0,7.0,90.3,5.6,0.0,0.0,0.8,0.3,1.1,1.9,90.0,24.1,46.1,16.0,7.0,46.6,42.3,19.3,37.7,11.0
30,20628,17224678.0,14584224.0,594.0,271.0,520.0,40.0,0.0,4.0,0.0,1.0,9.0,20.0,87.5,6.7,0.0,0.7,0.0,0.2,1.5,3.4,81.0,13.6,42.5,17.0,6.3,57.9,25.8,21.9,23.9,20.0
31,20629,1116993.0,448503.0,535.0,341.0,465.0,38.0,1.0,13.0,0.0,0.0,5.0,13.0,86.9,7.1,0.2,2.4,0.0,0.0,0.9,2.4,99.0,18.5,47.9,24.0,7.0,54.1,24.9,28.0,26.7,0.0
32,20630,14747899.0,6565539.0,348.0,174.0,287.0,52.0,0.0,4.0,0.0,0.0,3.0,2.0,82.5,14.9,0.0,1.1,0.0,0.0,0.9,0.6,60.0,17.2,47.9,15.0,8.6,49.3,37.3,21.4,23.7,41.0
33,20632,19035978.0,424172.0,347.0,131.0,289.0,34.0,4.0,4.0,0.0,3.0,6.0,7.0,83.3,9.8,1.2,1.2,0.0,0.9,1.7,2.0,36.0,10.4,42.4,6.0,4.6,56.0,34.0,15.2,29.5,37.0
34,20634,17757492.0,901110.0,5927.0,2375.0,3727.0,1334.0,11.0,270.0,3.0,5.0,213.0,364.0,62.9,22.5,0.2,4.6,0.1,0.1,3.6,6.1,376.0,6.3,33.4,151.0,6.4,60.4,10.9,32.2,31.2,394.0
35,20636,95184610.0,21321636.0,9937.0,3796.0,8680.0,660.0,23.0,158.0,0.0,4.0,198.0,214.0,87.4,6.6,0.2,1.6,0.0,0.0,2.0,2.2,1177.0,11.8,40.3,172.0,4.5,65.8,21.3,16.4,19.9,517.0
36,20637,80158456.0,3428515.0,5423.0,1882.0,4050.0,972.0,26.0,95.0,3.0,17.0,136.0,124.0,74.7,17.9,0.5,1.8,0.1,0.3,2.5,2.3,592.0,10.9,42.5,75.0,4.0,75.8,16.9,8.7,18.1,280.0
37,20639,108425050.0,4964875.0,14227.0,4832.0,11619.0,1595.0,38.0,284.0,5.0,19.0,319.0,348.0,81.7,11.2,0.3,2.0,0.0,0.1,2.2,2.4,1463.0,10.3,41.8,140.0,2.9,77.1,16.6,7.5,16.4,626.0
38,20640,107965919.0,18435586.0,10438.0,4089.0,4832.0,4575.0,106.0,262.0,5.0,10.0,342.0,306.0,46.3,43.8,1.0,2.5,0.0,0.1,3.3,2.9,1055.0,10.1,35.1,393.0,9.6,61.1,21.1,22.6,36.6,651.0
40,20645,5686073.0,4075598.0,857.0,386.0,758.0,65.0,2.0,6.0,0.0,0.0,15.0,11.0,88.4,7.6,0.2,0.7,0.0,0.0,1.8,1.3,179.0,20.9,46.4,23.0,6.0,75.4,18.7,7.3,20.7,51.0
41,20646,213580764.0,1853415.0,18890.0,7015.0,13666.0,3766.0,95.0,385.0,14.0,14.0,411.0,539.0,72.3,19.9,0.5,2.0,0.1,0.1,2.2,2.9,2674.0,14.2,42.2,328.0,4.7,65.9,19.5,18.2,26.1,1161.0
42,20650,155914556.0,32039358.0,13717.0,5412.0,11542.0,1120.0,40.0,350.0,2.0,15.0,279.0,369.0,84.1,8.2,0.3,2.6,0.0,0.1,2.0,2.7,1840.0,13.4,41.1,315.0,5.8,57.6,23.6,24.6,20.3,712.0
43,20653,84244771.0,9242954.0,24481.0,10066.0,13997.0,6635.0,97.0,1012.0,25.0,57.0,1035.0,1623.0,57.2,27.1,0.4,4.1,0.1,0.2,4.2,6.6,1643.0,6.7,30.6,766.0,7.6,43.4,19.5,46.1,42.4,1311.0
45,20657,77903257.0,22483528.0,20483.0,7765.0,15443.0,3332.0,75.0,234.0,20.0,24.0,592.0,763.0,75.4,16.3,0.4,1.1,0.1,0.1,2.9,3.7,1752.0,8.6,35.1,374.0,4.8,74.2,12.3,15.4,27.3,900.0
46,20658,7793913.0,14245.0,854.0,377.0,525.0,270.0,12.0,3.0,0.0,1.0,15.0,28.0,61.5,31.6,1.4,0.4,0.0,0.1,1.8,3.3,133.0,15.6,45.1,34.0,9.0,58.5,29.5,17.0,35.5,56.0
47,20659,242995087.0,29122140.0,23498.0,8150.0,20575.0,1812.0,80.0,160.0,10.0,16.0,442.0,403.0,87.6,7.7,0.3,0.7,0.0,0.1,1.9,1.7,2254.0,9.6,37.4,321.0,3.9,71.9,17.2,13.2,19.3,1156.0
49,20662,147909322.0,25017475.0,2934.0,1229.0,1805.0,994.0,29.0,8.0,1.0,4.0,59.0,34.0,61.5,33.9,1.0,0.3,0.0,0.1,2.0,1.2,374.0,12.7,41.9,125.0,10.2,55.9,30.4,19.6,31.7,152.0
50,20664,106512338.0,14123605.0,2987.0,1384.0,2220.0,587.0,29.0,18.0,0.0,5.0,67.0,61.0,74.3,19.7,1.0,0.6,0.0,0.2,2.2,2.0,447.0,15.0,42.9,141.0,10.2,57.7,26.0,22.0,26.0,139.0
51,20667,5225924.0,951067.0,494.0,222.0,303.0,163.0,2.0,5.0,0.0,0.0,11.0,10.0,61.3,33.0,0.4,1.0,0.0,0.0,2.2,2.0,63.0,12.8,40.1,19.0,8.6,43.9,36.3,31.1,41.9,12.0
52,20670,24425828.0,14642218.0,1014.0,225.0,647.0,169.0,2.0,20.0,5.0,0.0,49.0,122.0,63.8,16.7,0.2,2.0,0.5,0.0,4.8,12.0,2.0,0.2,22.0,12.0,5.3,0.5,0.0,99.5,9.0,50.0
53,20674,5149701.0,10400008.0,830.0,511.0,669.0,77.0,3.0,26.0,2.0,0.0,28.0,25.0,80.6,9.3,0.4,3.1,0.2,0.0,3.4,3.0,159.0,19.2,47.9,32.0,6.3,53.7,27.4,25.9,42.9,26.0
54,20675,15647644.0,0.0,1671.0,613.0,1033.0,458.0,54.0,33.0,1.0,1.0,35.0,56.0,61.8,27.4,3.2,2.0,0.1,0.1,2.1,3.4,278.0,16.6,45.1,20.0,3.3,72.0,22.0,7.8,19.1,95.0
55,20676,42872913.0,2991716.0,3871.0,1545.0,3150.0,516.0,13.0,42.0,0.0,3.0,59.0,88.0,81.4,13.3,0.3,1.1,0.0,0.1,1.5,2.3,460.0,11.9,42.2,57.0,3.7,73.7,19.1,8.9,19.3,97.0
56,20677,39910132.0,5019649.0,2322.0,878.0,1747.0,438.0,27.0,38.0,2.0,1.0,28.0,41.0,75.2,18.9,1.2,1.6,0.1,0.0,1.2,1.8,323.0,13.9,44.0,52.0,5.9,73.9,18.5,9.3,21.4,125.0
57,20678,110719859.0,21008404.0,11045.0,4121.0,7888.0,2407.0,29.0,158.0,0.0,13.0,291.0,259.0,71.4,21.8,0.3,1.4,0.0,0.1,2.6,2.3,1351.0,12.2,39.8,229.0,5.6,59.2,18.9,27.0,33.6,602.0
58,20680,15940938.0,4787193.0,1119.0,585.0,938.0,123.0,5.0,9.0,2.0,0.0,21.0,21.0,83.8,11.0,0.4,0.8,0.2,0.0,1.9,1.9,203.0,18.1,45.2,48.0,8.2,42.1,41.8,27.6,36.4,21.0
59,20684,23553634.0,3757413.0,1125.0,503.0,921.0,141.0,0.0,5.0,1.0,1.0,21.0,35.0,81.9,12.5,0.0,0.4,0.1,0.1,1.9,3.1,175.0,15.6,45.0,30.0,6.0,53.7,30.1,23.1,30.6,44.0
60,20685,57649594.0,23161836.0,6471.0,2499.0,5431.0,680.0,15.0,34.0,0.0,3.0,113.0,195.0,83.9,10.5,0.2,0.5,0.0,0.0,1.7,3.0,630.0,9.7,40.4,113.0,4.5,75.9,14.4,11.3,19.2,259.0
62,20687,15402392.0,20928213.0,313.0,244.0,271.0,21.0,0.0,5.0,0.0,1.0,11.0,4.0,86.6,6.7,0.0,1.6,0.0,0.3,3.5,1.3,59.0,18.8,49.0,20.0,8.2,45.4,36.1,28.9,37.0,18.0
63,20688,3708374.0,5807342.0,1828.0,1188.0,1621.0,127.0,1.0,25.0,0.0,2.0,30.0,22.0,88.7,6.9,0.1,1.4,0.0,0.1,1.6,1.2,853.0,46.7,62.4,104.0,8.8,30.9,40.8,47.7,30.4,106.0
64,20689,20155032.0,61647.0,1694.0,579.0,1147.0,435.0,3.0,10.0,2.0,3.0,28.0,66.0,67.7,25.7,0.2,0.6,0.1,0.2,1.7,3.9,204.0,12.0,43.3,21.0,3.6,72.6,19.5,9.9,15.5,88.0
65,20690,4685435.0,1530708.0,740.0,369.0,659.0,20.0,1.0,21.0,1.0,0.0,12.0,26.0,89.1,2.7,0.1,2.8,0.1,0.0,1.6,3.5,123.0,16.6,46.5,20.0,5.4,63.6,19.9,20.5,14.4,23.0
66,20692,22533055.0,1099702.0,1051.0,434.0,903.0,96.0,1.0,5.0,1.0,0.0,29.0,16.0,85.9,9.1,0.1,0.5,0.1,0.0,2.8,1.5,112.0,10.7,41.9,30.0,6.9,60.3,25.8,18.8,20.3,48.0
67,20693,52285009.0,13685613.0,1088.0,424.0,912.0,129.0,4.0,3.0,0.0,0.0,30.0,10.0,83.8,11.9,0.4,0.3,0.0,0.0,2.8,0.9,131.0,12.0,42.2,33.0,7.8,71.5,19.6,11.0,21.8,61.0
68,20695,32761135.0,133483.0,6794.0,2574.0,3129.0,2948.0,51.0,169.0,7.0,11.0,205.0,274.0,46.1,43.4,0.8,2.5,0.1,0.2,3.0,4.0,768.0,11.3,39.2,110.0,4.3,74.1,12.7,15.1,26.4,849.0
69,20701,3428521.0,6563.0,2.0,1.0,1.0,1.0,0.0,0.0,0.0,0.0,0.0,0.0,50.0,50.0,0.0,0.0,0.0,0.0,0.0,0.0,1.0,50.0,60.5,0.0,0.0,0.0,0.0,100.0,0.0,35.0
73,20705,40930151.0,266150.0,26188.0,9281.0,6094.0,10065.0,46.0,3022.0,7.0,135.0,650.0,6169.0,23.3,38.4,0.2,11.5,0.0,0.5,2.5,23.6,2645.0,10.1,35.7,557.0,6.0,55.9,16.0,33.4,31.4,3001.0
74,20706,26832451.0,131889.0,38692.0,13065.0,3426.0,26507.0,61.0,1576.0,23.0,86.0,642.0,6371.0,8.9,68.5,0.2,4.1,0.1,0.2,1.7,16.5,3760.0,9.7,34.0,822.0,6.3,56.4,14.2,34.2,39.6,4807.0
75,20707,28896187.0,481328.0,31538.0,13576.0,9599.0,13425.0,72.0,2849.0,15.0,111.0,796.0,4671.0,30.4,42.6,0.2,9.0,0.0,0.4,2.5,14.8,2998.0,9.5,35.7,892.0,6.6,53.6,12.5,38.7,32.6,3360.0
76,20708,36245211.0,784570.0,25546.0,10733.0,4874.0,15394.0,57.0,1146.0,7.0,84.0,710.0,3274.0,19.1,60.3,0.2,4.5,0.0,0.3,2.8,12.8,1876.0,7.3,32.0,789.0,7.4,31.0,15.1,63.5,45.3,2505.0
77,20710,2847143.0,8094.0,9313.0,3882.0,483.0,5951.0,25.0,190.0,2.0,19.0,120.0,2523.0,5.2,63.9,0.3,2.0,0.0,0.2,1.3,27.1,872.0,9.4,31.5,286.0,7.4,19.9,12.9,77.2,50.9,974.0
78,20711,88051334.0,1420884.0,6643.0,2710.0,5190.0,985.0,39.0,41.0,1.0,7.0,187.0,193.0,78.1,14.8,0.6,0.6,0.0,0.1,2.8,2.9,1036.0,15.6,44.3,146.0,5.4,50.4,43.0,11.5,30.4,514.0
79,20712,1892811.0,12394.0,9031.0,3927.0,1112.0,4630.0,27.0,197.0,2.0,36.0,137.0,2890.0,12.3,51.3,0.3,2.2,0.0,0.4,1.5,32.0,589.0,6.5,32.6,264.0,6.7,23.0,13.6,73.4,49.0,760.0
80,20714,6037605.0,4535724.0,4345.0,2179.0,3705.0,301.0,21.0,54.0,1.0,8.0,142.0,113.0,85.3,6.9,0.5,1.2,0.0,0.2,3.3,2.6,473.0,10.9,37.8,207.0,9.5,57.4,12.2,34.7,39.0,205.0
81,20715,37644219.0,169230.0,26382.0,9357.0,14978.0,7746.0,48.0,931.0,4.0,56.0,847.0,1772.0,56.8,29.4,0.2,3.5,0.0,0.2,3.2,6.7,3826.0,14.5,40.5,274.0,2.9,72.6,19.8,9.5,22.7,1568.0
82,20716,29884962.0,178423.0,20787.0,8469.0,5572.0,12428.0,54.0,920.0,12.0,83.0,631.0,1087.0,26.8,59.8,0.3,4.4,0.1,0.4,3.0,5.2,2097.0,10.1,37.8,372.0,4.4,67.9,7.9,26.3,32.1,1570.0
86,20720,28942710.0,207151.0,21031.0,7229.0,4207.0,13522.0,62.0,1479.0,1.0,37.0,541.0,1182.0,20.0,64.3,0.3,7.0,0.0,0.2,2.6,5.6,1443.0,6.9,38.9,289.0,4.0,87.0,6.6,6.9,23.5,1816.0
87,20721,43235668.0,376606.0,27016.0,9595.0,1667.0,23354.0,49.0,605.0,4.0,46.0,539.0,752.0,6.2,86.4,0.2,2.2,0.0,0.2,2.0,2.8,2851.0,10.6,41.9,400.0,4.2,83.7,5.6,11.3,28.0,2198.0
88,20722,3810192.0,79461.0,5711.0,1945.0,740.0,2187.0,18.0,255.0,0.0,16.0,111.0,2384.0,13.0,38.3,0.3,4.5,0.0,0.3,1.9,41.7,512.0,9.0,35.0,191.0,9.8,60.8,14.9,28.6,35.7,722.0
89,20723,34017963.0,1095691.0,28972.0,10491.0,13767.0,7563.0,64.0,4139.0,12.0,85.0,974.0,2368.0,47.5,26.1,0.2,14.3,0.0,0.3,3.4,8.2,1720.0,5.9,35.1,451.0,4.3,63.9,11.4,27.9,22.8,2311.0
90,20724,20761159.0,0.0,16093.0,6615.0,5436.0,6626.0,35.0,1321.0,8.0,35.0,481.0,2151.0,33.8,41.2,0.2,8.2,0.0,0.2,3.0,13.4,990.0,6.2,33.7,314.0,4.7,53.7,12.7,38.5,35.0,1598.0
92,20732,26384774.0,6619580.0,9919.0,3957.0,8111.0,1123.0,44.0,112.0,4.0,10.0,234.0,281.0,81.8,11.3,0.4,1.1,0.0,0.1,2.4,2.8,746.0,7.5,37.7,256.0,6.5,72.4,10.9,18.7,29.7,447.0
93,20733,8509429.0,1055182.0,2672.0,1108.0,2188.0,314.0,11.0,23.0,2.0,4.0,48.0,82.0,81.9,11.8,0.4,0.9,0.1,0.1,1.8,3.1,313.0,11.7,43.1,60.0,5.4,75.5,13.6,12.6,27.9,157.0
94,20735,67167555.0,284829.0,35421.0,12617.0,3437.0,28393.0,98.0,870.0,11.0,56.0,731.0,1825.0,9.7,80.2,0.3,2.5,0.0,0.2,2.1,5.2,4043.0,11.4,41.3,611.0,4.8,80.8,8.8,11.4,33.8,3367.0
95,20736,66156497.0,1655248.0,8904.0,3037.0,7512.0,861.0,21.0,146.0,3.0,11.0,173.0,177.0,84.4,9.7,0.2,1.6,0.0,0.1,1.9,2.0,947.0,10.6,42.9,89.0,2.9,78.4,15.8,6.9,14.7,431.0
96,20737,10724278.0,76543.0,20684.0,6227.0,2449.0,7202.0,47.0,619.0,8.0,52.0,368.0,9939.0,11.8,34.8,0.2,3.0,0.0,0.3,1.8,48.1,1255.0,6.1,29.7,465.0,7.5,42.8,14.7,49.8,36.9,2688.0
97,20740,20714189.0,159386.0,28780.0,11011.0,15280.0,4492.0,57.0,3716.0,18.0,82.0,798.0,4337.0,53.1,15.6,0.2,12.9,0.1,0.3,2.8,15.1,2162.0,7.5,24.0,1642.0,14.9,34.9,23.9,54.1,28.3,2490.0
99,20742,1918801.0,0.0,7808.0,1.0,4905.0,875.0,8.0,1259.0,4.0,107.0,201.0,449.0,62.8,11.2,0.1,16.1,0.1,1.4,2.6,5.8,0.0,0.0,19.4,0.0,0.0,0.0,0.0,100.0,0.0,511.0
100,20743,25190668.0,21486.0,38621.0,15511.0,846.0,34764.0,110.0,149.0,1.0,44.0,597.0,2110.0,2.2,90.0,0.3,0.4,0.0,0.1,1.5,5.5,4683.0,12.1,35.8,1603.0,10.3,53.2,17.1,35.9,62.4,3449.0
101,20744,68211790.0,323424.0,50722.0,19468.0,4202.0,38225.0,124.0,3084.0,19.0,111.0,1176.0,3781.0,8.3,75.4,0.2,6.1,0.0,0.2,2.3,7.5,6792.0,13.4,41.5,1251.0,6.4,70.6,11.5,20.1,39.4,4315.0
102,20745,16741975.0,262294.0,28451.0,12165.0,1310.0,22460.0,52.0,1259.0,10.0,55.0,524.0,2781.0,4.6,78.9,0.2,4.4,0.0,0.2,1.8,9.8,2616.0,9.2,35.4,1094.0,9.0,37.2,13.5,57.0,60.5,2723.0
103,20746,20404769.0,42326.0,28838.0,12548.0,1279.0,24750.0,94.0,312.0,14.0,42.0,522.0,1825.0,4.4,85.8,0.3,1.1,0.0,0.1,1.8,6.3,2717.0,9.4,33.5,998.0,8.0,35.2,11.7,60.1,64.1,2442.0
104,20747,19771363.0,5039.0,40054.0,16486.0,1261.0,35993.0,100.0,297.0,11.0,54.0,644.0,1694.0,3.1,89.9,0.2,0.7,0.0,0.1,1.6,4.2,3221.0,8.0,34.2,1145.0,6.9,48.7,9.3,46.3,61.7,3391.0
105,20748,23521810.0,12156.0,38792.0,16684.0,2120.0,33410.0,114.0,480.0,8.0,64.0,647.0,1949.0,5.5,86.1,0.3,1.2,0.0,0.2,1.7,5.0,4805.0,12.4,38.4,1133.0,6.8,48.3,14.8,43.3,56.2,3287.0
107,20751,13138777.0,3106769.0,2343.0,1107.0,2147.0,95.0,8.0,12.0,2.0,0.0,18.0,61.0,91.6,4.1,0.3,0.5,0.1,0.0,0.8,2.6,366.0,15.6,45.9,60.0,5.4,65.1,21.7,16.9,24.4,123.0
108,20754,43684109.0,2131263.0,6951.0,2420.0,5961.0,482.0,20.0,151.0,3.0,12.0,162.0,160.0,85.8,6.9,0.3,2.2,0.0,0.2,2.3,2.3,879.0,12.6,44.0,68.0,2.8,74.9,20.5,5.8,14.0,356.0
109,20755,21701209.0,31874.0,9302.0,2714.0,5144.0,2124.0,49.0,261.0,31.0,30.0,490.0,1173.0,55.3,22.8,0.5,2.8,0.3,0.3,5.3,12.6,47.0,0.5,23.5,369.0,13.6,0.5,20.0,99.4,13.3,402.0
111,20758,10432083.0,0.0,721.0,283.0,649.0,43.0,0.0,0.0,0.0,0.0,10.0,19.0,90.0,6.0,0.0,0.0,0.0,0.0,1.4,2.6,125.0,17.3,46.5,21.0,7.4,61.7,30.9,10.7,19.5,40.0
112,20759,16425882.0,711849.0,3355.0,1155.0,2396.0,273.0,4.0,456.0,0.0,8.0,109.0,109.0,71.4,8.1,0.1,13.6,0.0,0.2,3.2,3.2,393.0,11.7,41.8,72.0,6.2,78.3,16.4,6.3,13.2,305.0
114,20762,15270777.0,6924.0,2973.0,1385.0,1664.0,637.0,10.0,70.0,16.0,16.0,143.0,417.0,56.0,21.4,0.3,2.4,0.5,0.5,4.8,14.0,8.0,0.3,23.5,391.0,28.2,0.4,50.0,99.2,12.5,142.0
115,20763,3662440.0,4924.0,2664.0,1059.0,1281.0,668.0,8.0,412.0,0.0,10.0,81.0,204.0,48.1,25.1,0.3,15.5,0.0,0.4,3.0,7.7,177.0,6.6,32.4,90.0,8.5,29.5,20.0,63.1,33.0,236.0
116,20764,10576066.0,7504671.0,4176.0,1945.0,3488.0,449.0,17.0,29.0,0.0,10.0,73.0,110.0,83.5,10.8,0.4,0.7,0.0,0.2,1.7,2.6,469.0,11.2,41.4,135.0,6.9,72.9,14.9,14.3,28.2,212.0
117,20765,1207947.0,516047.0,514.0,246.0,408.0,86.0,2.0,3.0,0.0,0.0,7.0,8.0,79.4,16.7,0.4,0.6,0.0,0.0,1.4,1.6,115.0,22.4,53.3,16.0,6.5,48.2,37.6,22.8,32.7,33.0
118,20769,19897450.0,268746.0,6604.0,2150.0,1490.0,4030.0,8.0,418.0,3.0,28.0,150.0,477.0,22.6,61.0,0.1,6.3,0.0,0.4,2.3,7.2,609.0,9.2,40.7,73.0,3.4,84.9,10.1,5.5,17.5,548.0
119,20770,21280621.0,195187.0,25173.0,11407.0,6079.0,12542.0,43.0,2246.0,19.0,65.0,638.0,3541.0,24.1,49.8,0.2,8.9,0.1,0.3,2.5,14.1,1823.0,7.2,33.6,738.0,6.5,36.4,20.2,54.3,47.9,1967.0
121,20772,185336844.0,3571338.0,42625.0,16207.0,5992.0,33295.0,172.0,533.0,23.0,68.0,1048.0,1494.0,14.1,78.1,0.4,1.3,0.1,0.2,2.5,3.5,3785.0,8.9,38.9,820.0,5.1,78.7,8.8,13.7,33.8,3599.0
123,20774,89954196.0,494052.0,43013.0,17131.0,1704.0,38521.0,97.0,793.0,9.0,84.0,747.0,1058.0,4.0,89.6,0.2,1.8,0.0,0.2,1.7,2.5,4517.0,10.5,39.1,750.0,4.4,73.9,6.5,21.0,37.8,3751.0
124,20776,58404040.0,5967523.0,3289.0,1224.0,2693.0,376.0,9.0,18.0,7.0,1.0,52.0,133.0,81.9,11.4,0.3,0.5,0.2,0.0,1.6,4.0,466.0,14.2,44.6,50.0,4.1,60.7,32.4,10.2,23.5,176.0
125,20777,19568844.0,110664.0,3314.0,1111.0,2692.0,155.0,10.0,274.0,2.0,2.0,79.0,100.0,81.2,4.7,0.3,8.3,0.1,0.1,2.4,3.0,428.0,12.9,45.6,27.0,2.4,76.3,20.1,4.5,7.7,170.0
126,20778,20343335.0,1738005.0,2009.0,813.0,1816.0,87.0,3.0,22.0,0.0,1.0,24.0,56.0,90.4,4.3,0.1,1.1,0.0,0.0,1.2,2.8,248.0,12.3,45.4,49.0,6.0,75.8,16.4,9.4,15.5,102.0
127,20779,16812673.0,1629478.0,1182.0,534.0,1023.0,82.0,11.0,12.0,0.0,2.0,16.0,36.0,86.5,6.9,0.9,1.0,0.0,0.2,1.4,3.0,191.0,16.2,47.9,23.0,4.3,66.6,24.1,12.3,16.2,60.0
129,20781,6312229.0,205096.0,11440.0,4093.0,2786.0,3552.0,38.0,300.0,8.0,45.0,219.0,4492.0,24.4,31.0,0.3,2.6,0.1,0.4,1.9,39.3,766.0,6.7,32.9,282.0,6.9,47.5,15.4,43.9,34.6,1283.0
130,20782,10973600.0,99086.0,30560.0,11552.0,4656.0,13941.0,62.0,945.0,17.0,96.0,549.0,10294.0,15.2,45.6,0.2,3.1,0.1,0.3,1.8,33.7,2885.0,9.4,32.6,742.0,6.4,36.2,18.2,55.8,40.7,3671.0
131,20783,14579957.0,25155.0,44487.0,13891.0,3390.0,11843.0,99.0,2066.0,23.0,147.0,495.0,26424.0,7.6,26.6,0.2,4.6,0.1,0.3,1.1,59.4,3352.0,7.5,30.8,1015.0,7.3,37.0,18.4,54.7,39.5,5355.0
132,20784,11027347.0,1897.0,29449.0,10155.0,2384.0,16636.0,85.0,771.0,15.0,116.0,437.0,9005.0,8.1,56.5,0.3,2.6,0.1,0.4,1.5,30.6,2075.0,7.0,32.1,827.0,8.1,53.6,12.4,38.8,39.4,3776.0
133,20785,25546966.0,43907.0,35052.0,14864.0,2222.0,28496.0,70.0,320.0,6.0,68.0,612.0,3258.0,6.3,81.3,0.2,0.9,0.0,0.2,1.7,9.3,3062.0,8.7,33.2,2117.0,14.2,48.0,10.7,46.2,56.7,3844.0
136,20794,26420064.0,32237.0,14098.0,3202.0,6226.0,6217.0,31.0,424.0,1.0,32.0,303.0,864.0,44.2,44.1,0.2,3.0,0.0,0.2,2.1,6.1,896.0,6.4,36.2,137.0,4.3,59.5,22.5,23.3,28.0,1950.0
137,20812,496734.0,371058.0,255.0,100.0,230.0,3.0,0.0,6.0,0.0,0.0,6.0,10.0,90.2,1.2,0.0,2.4,0.0,0.0,2.4,3.9,33.0,12.9,42.4,4.0,4.0,72.9,19.5,9.4,4.3,13.0
138,20814,13166146.0,52953.0,27642.0,14103.0,21021.0,1134.0,34.0,2572.0,20.0,74.0,695.0,2092.0,76.0,4.1,0.1,9.3,0.1,0.3,2.5,7.6,4508.0,16.3,40.3,838.0,5.9,40.5,27.7,43.9,14.4,1218.0
139,20815,14066048.0,35097.0,29082.0,13850.0,23357.0,1256.0,28.0,1804.0,13.0,90.0,702.0,1832.0,80.3,4.3,0.1,6.2,0.0,0.3,2.4,6.3,6002.0,20.6,45.4,759.0,5.5,45.4,28.9,36.2,13.5,1156.0
140,20816,8975177.0,1552658.0,16208.0,6666.0,13426.0,366.0,14.0,902.0,6.0,61.0,377.0,1056.0,82.8,2.3,0.1,5.6,0.0,0.4,2.3,6.5,2805.0,17.3,44.0,256.0,3.8,58.0,27.5,20.0,10.8,508.0
141,20817,35923615.0,186053.0,36240.0,14020.0,26829.0,1362.0,32.0,4252.0,19.0,119.0,962.0,2665.0,74.0,3.8,0.1,11.7,0.1,0.3,2.7,7.4,6342.0,17.5,44.5,535.0,3.8,60.1,27.0,17.6,11.4,1333.0
142,20818,2676591.0,1118503.0,1962.0,789.0,1575.0,72.0,5.0,160.0,1.0,11.0,55.0,83.0,80.3,3.7,0.3,8.2,0.1,0.6,2.8,4.2,287.0,14.6,47.3,20.0,2.5,68.1,23.5,11.0,19.3,46.0
145,20832,26075340.0,58727.0,24965.0,8863.0,16502.0,2831.0,27.0,2742.0,3.0,59.0,531.0,2270.0,66.1,11.3,0.1,11.0,0.0,0.2,2.1,9.1,2492.0,10.0,41.2,189.0,2.1,75.1,13.4,13.2,18.3,1238.0
146,20833,49836780.0,2565340.0,7735.0,2545.0,5624.0,687.0,6.0,678.0,0.0,30.0,189.0,521.0,72.7,8.9,0.1,8.8,0.0,0.4,2.4,6.7,777.0,10.0,42.5,65.0,2.6,80.8,13.7,6.4,12.2,397.0
147,20837,109773948.0,8443765.0,5789.0,2059.0,4761.0,362.0,22.0,121.0,1.0,4.0,108.0,410.0,82.2,6.3,0.4,2.1,0.0,0.1,1.9,7.1,463.0,8.0,42.6,76.0,3.7,74.2,14.5,13.2,18.0,265.0
148,20838,6997600.0,21554.0,259.0,109.0,242.0,4.0,3.0,1.0,0.0,0.0,7.0,2.0,93.4,1.5,1.2,0.4,0.0,0.0,2.7,0.8,49.0,18.9,50.1,5.0,4.6,59.6,33.3,10.6,17.2,0.0
149,20839,12690683.0,41061.0,214.0,81.0,168.0,21.0,1.0,3.0,0.0,0.0,9.0,12.0,78.5,9.8,0.5,1.4,0.0,0.0,4.2,5.6,46.0,21.5,45.0,3.0,3.7,57.9,27.9,19.7,23.6,12.0
150,20841,67289814.0,2375725.0,10460.0,2908.0,4035.0,1439.0,13.0,3693.0,2.0,20.0,319.0,939.0,38.6,13.8,0.1,35.3,0.0,0.2,3.0,9.0,738.0,7.1,37.5,52.0,1.8,85.4,8.5,6.7,9.5,399.0
151,20842,135898668.0,9035801.0,1824.0,781.0,1542.0,124.0,3.0,19.0,0.0,1.0,39.0,96.0,84.5,6.8,0.2,1.0,0.0,0.1,2.1,5.3,307.0,16.8,47.9,62.0,7.9,51.6,33.2,22.7,15.5,81.0
154,20850,36523908.0,198966.0,46340.0,19085.0,24476.0,4683.0,56.0,10900.0,16.0,160.0,1300.0,4749.0,52.8,10.1,0.1,23.5,0.0,0.3,2.8,10.2,6273.0,13.5,39.3,824.0,4.3,49.8,17.9,39.4,20.0,2872.0
155,20851,6147440.0,2088.0,14191.0,5042.0,5850.0,1326.0,52.0,2142.0,14.0,51.0,325.0,4431.0,41.2,9.3,0.4,15.1,0.1,0.4,2.3,31.2,1284.0,9.0,35.1,201.0,4.0,48.9,20.8,38.2,26.8,1106.0
156,20852,21555966.0,97342.0,40365.0,20062.0,23856.0,2606.0,67.0,7966.0,19.0,121.0,986.0,4744.0,59.1,6.5,0.2,19.7,0.0,0.3,2.4,11.8,6638.0,16.4,38.8,1232.0,6.1,37.9,24.5,49.9,19.2,2360.0
157,20853,23335068.0,243486.0,29673.0,10035.0,15086.0,3188.0,67.0,3508.0,10.0,130.0,569.0,7115.0,50.8,10.7,0.2,11.8,0.0,0.4,1.9,24.0,4706.0,15.9,41.4,266.0,2.7,64.7,23.4,15.5,19.3,2337.0
158,20854,87422942.0,7215824.0,49611.0,17262.0,34211.0,2243.0,19.0,9015.0,11.0,155.0,1213.0,2744.0,69.0,4.5,0.0,18.2,0.0,0.3,2.4,5.5,8759.0,17.7,46.5,376.0,2.2,70.3,23.8,7.7,10.2,1878.0
159,20855,33961240.0,635428.0,14295.0,5018.0,8656.0,1080.0,26.0,2562.0,8.0,64.0,426.0,1473.0,60.6,7.6,0.2,17.9,0.1,0.4,3.0,10.3,1968.0,13.8,43.8,106.0,2.1,68.5,20.6,13.7,15.7,842.0
162,20860,9857358.0,26973.0,2396.0,849.0,1365.0,559.0,3.0,237.0,2.0,5.0,85.0,140.0,57.0,23.3,0.1,9.9,0.1,0.2,3.5,5.8,645.0,26.9,47.6,52.0,6.1,54.2,11.2,39.0,14.1,195.0
163,20861,9947174.0,18520.0,1875.0,668.0,1372.0,179.0,2.0,147.0,1.0,3.0,61.0,110.0,73.2,9.5,0.1,7.8,0.1,0.2,3.3,5.9,255.0,13.6,46.0,16.0,2.4,76.8,17.6,6.9,13.4,147.0
164,20862,3029792.0,15389.0,343.0,124.0,287.0,13.0,0.0,18.0,0.0,0.0,10.0,15.0,83.7,3.8,0.0,5.2,0.0,0.0,2.9,4.4,66.0,19.2,49.5,6.0,4.8,77.1,19.5,4.2,16.7,18.0
165,20866,18304211.0,618885.0,13344.0,4652.0,3483.0,5703.0,30.0,2402.0,6.0,59.0,374.0,1287.0,26.1,42.7,0.2,18.0,0.0,0.4,2.8,9.6,1022.0,7.7,36.5,178.0,3.8,69.8,10.0,22.4,31.9,1235.0
166,20868,5193925.0,5002.0,790.0,250.0,365.0,188.0,3.0,126.0,0.0,3.0,26.0,79.0,46.2,23.8,0.4,15.9,0.0,0.4,3.3,10.0,102.0,12.9,42.6,4.0,1.6,75.6,16.2,9.8,16.6,68.0
167,20871,53176080.0,138014.0,13130.0,4295.0,5921.0,1836.0,13.0,3698.0,8.0,25.0,409.0,1220.0,45.1,14.0,0.1,28.2,0.1,0.2,3.1,9.3,743.0,5.7,34.4,194.0,4.5,81.7,7.7,11.5,15.5,1287.0
168,20872,54025176.0,110921.0,13104.0,4575.0,9449.0,998.0,37.0,675.0,3.0,14.0,333.0,1595.0,72.1,7.6,0.3,5.2,0.0,0.1,2.5,12.2,1037.0,7.9,37.5,158.0,3.5,75.2,12.5,14.1,20.8,848.0
170,20874,54952005.0,3542188.0,57367.0,22256.0,23173.0,12531.0,124.0,9199.0,19.0,180.0,1848.0,10293.0,40.4,21.8,0.2,16.0,0.0,0.3,3.2,17.9,3057.0,5.3,33.9,899.0,4.0,63.6,6.1,32.3,29.5,4166.0
172,20876,30193838.0,148752.0,25496.0,8738.0,8530.0,5593.0,56.0,5192.0,11.0,72.0,855.0,5187.0,33.5,21.9,0.2,20.4,0.0,0.3,3.4,20.3,1356.0,5.3,33.4,320.0,3.7,62.6,9.5,30.9,27.0,1836.0
173,20877,14964274.0,89555.0,34321.0,12249.0,9069.0,6740.0,79.0,4556.0,13.0,128.0,864.0,12872.0,26.4,19.6,0.2,13.3,0.0,0.4,2.5,37.5,3648.0,10.6,33.9,721.0,5.9,39.6,14.8,53.5,35.8,3902.0
174,20878,56550922.0,1136465.0,62446.0,23155.0,33068.0,5658.0,80.0,14444.0,23.0,150.0,1739.0,7284.0,53.0,9.1,0.1,23.1,0.0,0.2,2.8,11.7,5214.0,8.3,38.2,742.0,3.2,63.3,12.6,27.5,18.3,3093.0
175,20879,19855864.0,103572.0,24360.0,8371.0,8363.0,5168.0,68.0,3888.0,10.0,126.0,801.0,5936.0,34.3,21.2,0.3,16.0,0.0,0.5,3.3,24.4,1468.0,6.0,34.3,337.0,4.0,67.3,9.2,25.8,28.6,2270.0
177,20882,99982538.0,427611.0,14063.0,4654.0,10837.0,920.0,28.0,854.0,14.0,33.0,318.0,1059.0,77.1,6.5,0.2,6.1,0.1,0.2,2.3,7.5,1450.0,10.3,43.7,102.0,2.2,80.2,15.0,5.6,12.4,734.0
178,20886,12189201.0,192733.0,33282.0,12759.0,12551.0,7814.0,58.0,3601.0,14.0,172.0,957.0,8115.0,37.7,23.5,0.2,10.8,0.0,0.5,2.9,24.4,2954.0,8.9,35.6,611.0,4.8,62.8,11.5,29.0,30.9,3074.0
182,20895,10514230.0,78545.0,19054.0,7475.0,14038.0,1206.0,25.0,1125.0,4.0,75.0,473.0,2108.0,73.7,6.3,0.1,5.9,0.0,0.4,2.5,11.1,3006.0,15.8,42.3,271.0,3.6,62.1,22.2,20.3,16.3,1024.0
183,20896,640940.0,3372.0,906.0,352.0,797.0,11.0,0.0,28.0,0.0,0.0,25.0,45.0,88.0,1.2,0.0,3.1,0.0,0.0,2.8,5.0,171.0,18.9,47.3,15.0,4.3,64.5,29.9,8.1,17.6,20.0
185,20899,192140.0,0.0,142.0,130.0,43.0,75.0,0.0,12.0,0.0,0.0,4.0,8.0,30.3,52.8,0.0,8.5,0.0,0.0,2.8,5.6,16.0,11.3,43.5,3.0,2.3,0.0,100.0,99.2,80.0,0.0
186,20901,13946891.0,69938.0,34832.0,12912.0,14997.0,8130.0,39.0,2717.0,18.0,156.0,909.0,7866.0,43.1,23.3,0.1,7.8,0.1,0.4,2.6,22.6,3540.0,10.2,36.7,506.0,3.9,56.6,18.1,30.9,25.0,2652.0
187,20902,19634280.0,75384.0,48841.0,17073.0,17141.0,8722.0,100.0,4909.0,30.0,224.0,1183.0,16532.0,35.1,17.9,0.2,10.1,0.1,0.5,2.4,33.8,5341.0,10.9,35.4,740.0,4.3,52.0,21.2,34.0,27.6,4857.0
188,20903,9335645.0,4751.0,23625.0,7318.0,2864.0,6508.0,39.0,2365.0,10.0,127.0,389.0,11323.0,12.1,27.5,0.2,10.0,0.0,0.5,1.6,47.9,1904.0,8.1,31.5,316.0,4.3,31.9,19.6,60.3,39.0,2614.0
189,20904,35402513.0,97435.0,54612.0,21452.0,14560.0,22696.0,81.0,7533.0,34.0,216.0,1431.0,8061.0,26.7,41.6,0.1,13.8,0.1,0.4,2.6,14.8,8192.0,15.0,38.0,937.0,4.4,42.3,21.5,46.2,35.7,5005.0
190,20905,33328393.0,555453.0,18044.0,5977.0,8177.0,4131.0,40.0,3144.0,9.0,63.0,571.0,1909.0,45.3,22.9,0.2,17.4,0.0,0.3,3.2,10.6,2390.0,13.2,43.6,136.0,2.3,72.1,20.2,9.7,18.5,1164.0
191,20906,31358675.0,198767.0,64696.0,25715.0,20713.0,15799.0,112.0,7489.0,32.0,452.0,1412.0,18687.0,32.0,24.4,0.2,11.6,0.0,0.7,2.2,28.9,12445.0,19.2,40.1,1437.0,5.6,46.3,30.3,33.5,34.0,6623.0
193,20910,11796743.0,29906.0,37445.0,19047.0,18097.0,10445.0,70.0,2642.0,13.0,127.0,1144.0,4907.0,48.3,27.9,0.2,7.1,0.0,0.3,3.1,13.1,3649.0,9.7,35.2,1308.0,6.9,30.8,17.0,62.9,27.1,2326.0
194,20912,6903313.0,13926.0,24807.0,10257.0,8432.0,9230.0,30.0,946.0,14.0,92.0,740.0,5323.0,34.0,37.2,0.1,3.8,0.1,0.4,3.0,21.5,2053.0,8.3,35.6,718.0,7.0,35.5,15.9,57.8,34.4,1751.0
198,21001,77441232.0,4109484.0,21487.0,8942.0,13267.0,5630.0,67.0,549.0,57.0,42.0,834.0,1041.0,61.7,26.2,0.3,2.6,0.3,0.2,3.9,4.8,2798.0,13.0,38.1,569.0,6.4,50.1,24.6,33.6,42.9,1758.0
199,21005,20637751.0,2153023.0,2112.0,760.0,1223.0,424.0,12.0,43.0,15.0,8.0,78.0,309.0,57.9,20.1,0.6,2.0,0.7,0.4,3.7,14.6,3.0,0.1,22.4,432.0,56.8,0.0,100.0,98.8,15.2,97.0
200,21009,29377217.0,2030042.0,29766.0,11620.0,23069.0,3734.0,53.0,1097.0,17.0,42.0,622.0,1132.0,77.5,12.5,0.2,3.7,0.1,0.1,2.1,3.8,2377.0,8.0,34.8,426.0,3.7,74.5,10.8,16.5,20.9,1982.0
201,21010,13302293.0,576115.0,104.0,107.0,73.0,10.0,0.0,3.0,0.0,0.0,5.0,13.0,70.2,9.6,0.0,2.9,0.0,0.0,4.8,12.5,2.0,1.9,35.5,73.0,68.2,0.0,0.0,100.0,10.5,0.0
202,21012,25280394.0,7074380.0,21317.0,8140.0,18572.0,940.0,38.0,503.0,6.0,34.0,415.0,809.0,87.1,4.4,0.2,2.4,0.0,0.2,1.9,3.8,2597.0,12.2,41.3,265.0,3.3,70.2,17.5,14.9,20.0,1307.0
203,21013,39130829.0,70909.0,4653.0,1743.0,4443.0,22.0,3.0,57.0,0.0,7.0,33.0,88.0,95.5,0.5,0.1,1.2,0.0,0.2,0.7,1.9,857.0,18.4,48.1,49.0,2.8,65.2,31.4,4.9,11.2,225.0
204,21014,36477493.0,188391.0,36047.0,14355.0,32060.0,1457.0,37.0,821.0,11.0,31.0,543.0,1087.0,88.9,4.0,0.1,2.3,0.0,0.1,1.5,3.0,5229.0,14.5,40.7,590.0,4.1,60.3,23.2,21.6,20.5,2365.0
205,21015,80085894.0,562623.0,27763.0,10221.0,24068.0,1371.0,37.0,1074.0,13.0,25.0,400.0,775.0,86.7,4.9,0.1,3.9,0.0,0.1,1.4,2.8,3327.0,12.0,40.1,350.0,3.4,69.9,20.1,12.5,17.2,1665.0
207,21017,7134553.0,6770.0,7062.0,2880.0,4338.0,1743.0,22.0,270.0,2.0,20.0,228.0,439.0,61.4,24.7,0.3,3.8,0.0,0.3,3.2,6.2,469.0,6.6,33.0,130.0,4.5,63.6,7.5,31.2,32.7,468.0
209,21028,35213245.0,136396.0,3460.0,1296.0,3123.0,132.0,10.0,54.0,6.0,3.0,48.0,84.0,90.3,3.8,0.3,1.6,0.2,0.1,1.4,2.4,615.0,17.8,45.6,59.0,4.6,60.6,32.0,10.9,12.8,171.0
210,21029,41304709.0,536674.0,11333.0,3515.0,7154.0,665.0,6.0,2893.0,1.0,23.0,320.0,271.0,63.1,5.9,0.1,25.5,0.0,0.2,2.8,2.4,935.0,8.3,41.7,82.0,2.3,79.0,15.3,6.7,9.9,520.0
211,21030,61585318.0,1246811.0,24355.0,10994.0,15773.0,3374.0,46.0,2920.0,2.0,69.0,548.0,1623.0,64.8,13.9,0.2,12.0,0.0,0.3,2.3,6.7,3089.0,12.7,37.5,695.0,6.3,34.5,26.3,53.2,29.5,1776.0
212,21031,2515565.0,0.0,4.0,2.0,4.0,0.0,0.0,0.0,0.0,0.0,0.0,0.0,100.0,0.0,0.0,0.0,0.0,0.0,0.0,0.0,0.0,0.0,35.5,0.0,0.0,0.0,0.0,100.0,0.0,8.0
213,21032,45682249.0,4493846.0,8848.0,3488.0,7821.0,470.0,19.0,124.0,14.0,7.0,169.0,224.0,88.4,5.3,0.2,1.4,0.2,0.1,1.9,2.5,1153.0,13.0,44.5,129.0,3.7,70.4,20.7,11.2,18.2,662.0
214,21034,65082100.0,7322047.0,3387.0,1402.0,3129.0,111.0,20.0,13.0,1.0,0.0,54.0,59.0,92.4,3.3,0.6,0.4,0.0,0.0,1.6,1.7,608.0,18.0,45.2,106.0,7.6,51.9,36.7,18.0,24.4,156.0
215,21035,73449277.0,465812.0,7815.0,2733.0,7012.0,317.0,25.0,125.0,2.0,4.0,139.0,191.0,89.7,4.1,0.3,1.6,0.0,0.1,1.8,2.4,1157.0,14.8,45.9,68.0,2.5,73.8,21.3,6.2,10.8,479.0
216,21036,15774195.0,1774161.0,2114.0,717.0,1723.0,92.0,5.0,179.0,0.0,7.0,34.0,74.0,81.5,4.4,0.2,8.5,0.0,0.3,1.6,3.5,336.0,15.9,46.1,17.0,2.4,69.3,25.3,7.2,10.0,116.0
217,21037,44708019.0,12083162.0,20618.0,8449.0,18049.0,668.0,66.0,315.0,2.0,24.0,372.0,1122.0,87.5,3.2,0.3,1.5,0.0,0.1,1.8,5.4,2661.0,12.9,41.6,377.0,4.5,70.3,18.3,13.9,22.1,1332.0
218,21040,20633014.0,2989202.0,24420.0,9281.0,11322.0,10036.0,60.0,408.0,30.0,33.0,888.0,1643.0,46.4,41.1,0.2,1.7,0.1,0.1,3.6,6.7,1915.0,7.8,32.0,585.0,6.3,56.6,17.1,31.8,48.9,1736.0
219,21042,97095136.0,440182.0,38076.0,13587.0,27322.0,2183.0,38.0,6519.0,5.0,83.0,895.0,1031.0,71.8,5.7,0.1,17.1,0.0,0.2,2.4,2.7,4950.0,13.0,44.0,380.0,2.8,67.5,22.9,12.5,11.3,1862.0
220,21043,44017823.0,185361.0,42246.0,16308.0,24616.0,4771.0,78.0,9788.0,23.0,89.0,1125.0,1756.0,58.3,11.3,0.2,23.2,0.1,0.2,2.7,4.2,3903.0,9.2,37.2,652.0,4.0,57.4,15.1,32.3,16.1,2546.0
221,21044,31075560.0,262874.0,41704.0,18371.0,22297.0,10363.0,87.0,4430.0,23.0,123.0,1537.0,2844.0,53.5,24.8,0.2,10.6,0.1,0.3,3.7,6.8,5423.0,13.0,38.8,753.0,4.1,49.3,16.9,40.6,30.6,2459.0
222,21045,25138579.0,244075.0,38288.0,15283.0,17633.0,10917.0,68.0,3891.0,14.0,131.0,1460.0,4174.0,46.1,28.5,0.2,10.2,0.0,0.3,3.8,10.9,4148.0,10.8,36.5,529.0,3.5,59.6,14.9,30.0,31.4,2406.0
223,21046,20186665.0,147315.0,15080.0,6262.0,9113.0,3222.0,29.0,1291.0,6.0,57.0,529.0,833.0,60.4,21.4,0.2,8.6,0.0,0.4,3.5,5.5,1121.0,7.4,36.3,208.0,3.3,59.6,14.5,30.3,27.7,824.0
224,21047,60927725.0,170736.0,11873.0,4293.0,11088.0,200.0,22.0,220.0,0.0,18.0,113.0,212.0,93.4,1.7,0.2,1.9,0.0,0.2,1.0,1.8,1903.0,16.0,44.9,143.0,3.3,67.7,28.5,5.3,10.3,734.0
225,21048,70073338.0,3602168.0,10650.0,3993.0,9915.0,277.0,14.0,177.0,0.0,11.0,116.0,140.0,93.1,2.6,0.1,1.7,0.0,0.1,1.1,1.3,1494.0,14.0,44.8,134.0,3.4,65.5,27.8,9.2,15.9,455.0
226,21050,73589819.0,283819.0,18202.0,6609.0,16761.0,511.0,19.0,300.0,1.0,12.0,240.0,358.0,92.1,2.8,0.1,1.6,0.0,0.1,1.3,2.0,2487.0,13.7,41.3,197.0,3.0,69.5,21.7,11.2,14.3,1196.0
227,21051,1029627.0,1425.0,279.0,105.0,275.0,1.0,0.0,0.0,0.0,0.0,2.0,1.0,98.6,0.4,0.0,0.0,0.0,0.0,0.7,0.4,45.0,16.1,46.4,1.0,1.0,68.0,30.7,1.9,10.0,11.0
228,21052,193870.0,175832.0,303.0,131.0,295.0,0.0,1.0,2.0,0.0,0.0,1.0,4.0,97.4,0.0,0.3,0.7,0.0,0.0,0.3,1.3,50.0,16.5,48.2,9.0,6.9,63.9,27.6,11.8,10.2,39.0
229,21053,58128997.0,140156.0,3305.0,1223.0,3125.0,63.0,2.0,28.0,0.0,4.0,33.0,50.0,94.6,1.9,0.1,0.8,0.0,0.1,1.0,1.5,448.0,13.6,44.5,51.0,4.2,60.7,31.5,11.4,14.6,159.0
230,21054,46167989.0,25677.0,10127.0,3850.0,8189.0,838.0,31.0,431.0,8.0,14.0,231.0,385.0,80.9,8.3,0.3,4.3,0.1,0.1,2.3,3.8,1552.0,15.3,43.3,125.0,3.2,70.4,19.7,12.4,16.7,868.0
231,21056,3564220.0,10181970.0,267.0,230.0,251.0,7.0,1.0,2.0,0.0,0.0,0.0,6.0,94.0,2.6,0.4,0.7,0.0,0.0,0.0,2.2,71.0,26.6,56.8,9.0,3.9,53.4,41.7,8.5,15.9,8.0
232,21057,43517294.0,1245037.0,4112.0,1695.0,3759.0,137.0,11.0,84.0,1.0,5.0,50.0,65.0,91.4,3.3,0.3,2.0,0.0,0.1,1.2,1.6,949.0,23.1,49.9,103.0,6.1,55.7,36.8,11.9,18.3,252.0
233,21060,32403463.0,2722648.0,29223.0,12076.0,20550.0,4896.0,114.0,889.0,36.0,38.0,696.0,2004.0,70.3,16.8,0.4,3.0,0.1,0.1,2.4,6.9,3945.0,13.5,38.7,731.0,6.1,55.1,21.4,29.9,36.4,3143.0
234,21061,31439237.0,45320.0,53684.0,22143.0,33056.0,11780.0,147.0,2461.0,62.0,107.0,1601.0,4470.0,61.6,21.9,0.3,4.6,0.1,0.2,3.0,8.3,5903.0,11.0,34.8,1039.0,4.7,41.0,22.0,47.5,42.2,4647.0
236,21071,2568339.0,0.0,497.0,222.0,453.0,20.0,0.0,2.0,0.0,0.0,7.0,15.0,91.1,4.0,0.0,0.4,0.0,0.0,1.4,3.0,88.0,17.7,47.1,15.0,6.8,60.2,30.3,13.6,21.2,16.0
237,21074,97032422.0,792813.0,15084.0,5777.0,14117.0,228.0,28.0,154.0,4.0,23.0,163.0,367.0,93.6,1.5,0.2,1.0,0.0,0.2,1.1,2.4,1867.0,12.4,40.4,191.0,3.3,66.1,21.3,16.0,19.4,673.0
238,21075,37583125.0,152946.0,26344.0,10215.0,15625.0,4298.0,58.0,3794.0,5.0,82.0,865.0,1617.0,59.3,16.3,0.2,14.4,0.0,0.3,3.3,6.1,1745.0,6.6,33.4,507.0,5.0,62.4,15.0,26.6,24.2,2334.0
239,21076,32594710.0,8281.0,12952.0,4956.0,6898.0,3061.0,26.0,1662.0,15.0,25.0,486.0,779.0,53.3,23.6,0.2,12.8,0.1,0.2,3.8,6.0,1042.0,8.0,37.1,228.0,4.6,68.5,14.0,20.3,18.8,1679.0
240,21077,1704393.0,0.0,224.0,98.0,180.0,27.0,3.0,8.0,0.0,0.0,4.0,2.0,80.4,12.1,1.3,3.6,0.0,0.0,1.8,0.9,46.0,20.5,43.4,3.0,3.1,52.1,31.0,24.5,22.2,20.0
241,21078,78161496.0,13860921.0,17603.0,7797.0,13450.0,2466.0,46.0,384.0,13.0,16.0,532.0,696.0,76.4,14.0,0.3,2.2,0.1,0.1,3.0,4.0,2636.0,15.0,43.3,558.0,7.2,51.9,25.1,30.8,30.0,1097.0
242,21082,11526426.0,11313.0,654.0,263.0,629.0,1.0,2.0,8.0,0.0,0.0,8.0,6.0,96.2,0.2,0.3,1.2,0.0,0.0,1.2,0.9,111.0,17.0,47.8,18.0,6.8,57.6,34.0,12.8,24.2,54.0
243,21084,63526032.0,272430.0,7652.0,2806.0,7329.0,92.0,14.0,51.0,0.0,3.0,91.0,72.0,95.8,1.2,0.2,0.7,0.0,0.0,1.2,0.9,1118.0,14.6,45.8,91.0,3.2,67.5,28.2,6.0,14.4,333.0
244,21085,46410077.0,1159004.0,16171.0,6552.0,12840.0,2196.0,49.0,355.0,4.0,12.0,271.0,444.0,79.4,13.6,0.3,2.2,0.0,0.1,1.7,2.7,2441.0,15.1,42.5,304.0,4.6,60.5,25.6,18.7,25.5,1143.0
245,21087,36286190.0,264213.0,5451.0,2076.0,5186.0,61.0,7.0,67.0,0.0,5.0,36.0,89.0,95.1,1.1,0.1,1.2,0.0,0.1,0.7,1.6,1001.0,18.4,48.7,73.0,3.5,58.7,36.6,7.4,12.5,427.0
246,21090,17065249.0,200451.0,9784.0,3962.0,8606.0,306.0,27.0,409.0,11.0,8.0,149.0,268.0,88.0,3.1,0.3,4.2,0.1,0.1,1.5,2.7,1723.0,17.6,44.2,187.0,4.7,58.4,30.7,15.7,20.0,771.0
247,21093,52336899.0,2206651.0,36465.0,16205.0,30469.0,1290.0,40.0,3083.0,21.0,55.0,475.0,1032.0,83.6,3.5,0.1,8.5,0.1,0.2,1.3,2.8,8566.0,23.5,47.7,657.0,4.1,53.1,34.2,19.2,17.0,2249.0
250,21102,104814610.0,1625419.0,11751.0,4245.0,10986.0,244.0,6.0,113.0,5.0,7.0,119.0,271.0,93.5,2.1,0.1,1.0,0.0,0.1,1.0,2.3,1405.0,12.0,41.0,173.0,4.1,68.0,22.1,12.7,16.3,571.0
251,21104,43981935.0,1909782.0,4601.0,1506.0,4021.0,182.0,6.0,238.0,0.0,8.0,73.0,73.0,87.4,4.0,0.1,5.2,0.0,0.2,1.6,1.6,454.0,9.9,41.8,38.0,2.5,77.0,18.8,5.2,8.7,288.0
253,21108,33861012.0,186378.0,17964.0,6517.0,14228.0,1841.0,39.0,703.0,15.0,16.0,371.0,751.0,79.2,10.2,0.2,3.9,0.1,0.1,2.1,4.2,2023.0,11.3,39.8,222.0,3.4,66.1,20.0,17.3,19.0,1183.0
254,21111,90824166.0,490672.0,4903.0,1883.0,4541.0,119.0,15.0,88.0,0.0,1.0,32.0,107.0,92.6,2.4,0.3,1.8,0.0,0.0,0.7,2.2,742.0,15.1,46.1,60.0,3.2,62.3,29.7,11.5,14.0,218.0
255,21113,37362578.0,0.0,30469.0,12705.0,17873.0,7638.0,90.0,1759.0,33.0,78.0,1085.0,1913.0,58.7,25.1,0.3,5.8,0.1,0.3,3.6,6.3,2524.0,8.3,34.3,481.0,3.8,61.9,10.6,30.7,28.9,2150.0
256,21114,14422422.0,0.0,25225.0,9857.0,19594.0,2477.0,34.0,1147.0,28.0,53.0,700.0,1192.0,77.7,9.8,0.1,4.5,0.1,0.2,2.8,4.7,2014.0,8.0,35.2,278.0,2.8,69.5,10.6,22.3,23.8,1616.0
257,21117,84222858.0,447280.0,53778.0,23010.0,24481.0,20892.0,94.0,3598.0,13.0,139.0,1236.0,3325.0,45.5,38.8,0.2,6.7,0.0,0.3,2.3,6.2,4669.0,8.7,34.9,1091.0,4.7,49.4,14.1,42.5,33.6,3936.0
258,21120,109677132.0,3354891.0,6967.0,2540.0,6502.0,112.0,19.0,118.0,3.0,7.0,81.0,125.0,93.3,1.6,0.3,1.7,0.0,0.1,1.2,1.8,885.0,12.7,44.9,81.0,3.2,68.2,26.1,7.6,9.9,342.0
260,21122,81061475.0,30087569.0,60576.0,22896.0,52843.0,3550.0,164.0,1003.0,31.0,83.0,1087.0,1815.0,87.2,5.9,0.3,1.7,0.1,0.1,1.8,3.0,6745.0,11.1,39.5,991.0,4.3,70.5,18.9,13.0,24.7,4846.0
261,21128,17286862.0,14546.0,12802.0,5053.0,9768.0,989.0,19.0,1469.0,1.0,21.0,198.0,337.0,76.3,7.7,0.1,11.5,0.0,0.2,1.5,2.6,1648.0,12.9,39.1,184.0,3.6,67.0,23.0,13.0,15.6,1079.0
263,21131,57565142.0,3575927.0,7253.0,2656.0,6777.0,64.0,8.0,178.0,2.0,21.0,84.0,119.0,93.4,0.9,0.1,2.5,0.0,0.3,1.2,1.6,1069.0,14.7,46.2,88.0,3.3,69.1,27.2,5.1,7.4,333.0
264,21132,54914875.0,202181.0,2634.0,954.0,2562.0,17.0,3.0,16.0,0.0,1.0,20.0,15.0,97.3,0.6,0.1,0.6,0.0,0.0,0.8,0.6,335.0,12.7,43.1,41.0,4.3,65.2,27.9,9.6,16.0,123.0
265,21133,26247594.0,40957.0,29998.0,11630.0,3523.0,24195.0,66.0,617.0,12.0,74.0,653.0,858.0,11.7,80.7,0.2,2.1,0.0,0.2,2.2,2.9,3674.0,12.2,39.1,577.0,5.0,60.9,12.7,30.2,44.0,2725.0
266,21136,145011700.0,4291579.0,33781.0,13146.0,22501.0,6550.0,51.0,1699.0,20.0,82.0,793.0,2085.0,66.6,19.4,0.2,5.0,0.1,0.2,2.3,6.2,3838.0,11.4,39.6,499.0,3.8,59.8,20.2,25.1,28.3,2086.0
267,21140,3500425.0,995915.0,3457.0,1364.0,3204.0,42.0,6.0,57.0,0.0,1.0,53.0,94.0,92.7,1.2,0.2,1.6,0.0,0.0,1.5,2.7,411.0,11.9,43.6,38.0,2.8,76.2,16.2,9.1,14.8,180.0
268,21144,41454184.0,0.0,31884.0,11447.0,16030.0,10809.0,94.0,1732.0,34.0,79.0,1169.0,1937.0,50.3,33.9,0.3,5.4,0.1,0.2,3.7,6.1,2645.0,8.3,36.3,510.0,4.5,64.6,15.6,23.5,33.8,2623.0
269,21146,26495118.0,7098389.0,26705.0,9747.0,23706.0,1170.0,29.0,709.0,3.0,22.0,416.0,650.0,88.8,4.4,0.1,2.7,0.0,0.1,1.6,2.4,4009.0,15.0,43.3,297.0,3.0,69.5,22.4,10.5,14.7,1894.0
270,21152,59270022.0,208546.0,5544.0,2425.0,4841.0,215.0,6.0,229.0,0.0,2.0,120.0,131.0,87.3,3.9,0.1,4.1,0.0,0.0,2.2,2.4,740.0,13.3,42.5,113.0,4.7,57.1,25.4,23.5,20.0,286.0
271,21153,5085252.0,16590.0,323.0,131.0,282.0,3.0,0.0,17.0,2.0,0.0,6.0,13.0,87.3,0.9,0.0,5.3,0.6,0.0,1.9,4.0,48.0,14.9,42.4,11.0,8.4,47.9,37.4,23.5,12.8,49.0
272,21154,104556045.0,472669.0,6464.0,2396.0,6083.0,123.0,11.0,38.0,0.0,7.0,89.0,113.0,94.1,1.9,0.2,0.6,0.0,0.1,1.4,1.7,951.0,14.7,44.3,110.0,4.6,60.0,30.6,13.6,18.1,352.0
273,21155,56668337.0,174624.0,2371.0,1002.0,2231.0,29.0,1.0,17.0,0.0,2.0,11.0,80.0,94.1,1.2,0.0,0.7,0.0,0.1,0.5,3.4,478.0,20.2,47.7,64.0,6.4,52.2,36.0,18.3,18.2,81.0
274,21156,3735257.0,1593.0,358.0,142.0,337.0,10.0,0.0,2.0,0.0,0.0,4.0,5.0,94.1,2.8,0.0,0.6,0.0,0.0,1.1,1.4,63.0,17.6,48.0,8.0,5.6,62.4,32.5,7.5,18.9,25.0
275,21157,198509198.0,465812.0,36920.0,14399.0,33054.0,1311.0,89.0,503.0,15.0,28.0,552.0,1368.0,89.5,3.6,0.2,1.4,0.0,0.1,1.5,3.7,5274.0,14.3,41.3,680.0,4.7,56.3,22.9,27.0,22.7,2002.0
276,21158,192837563.0,589893.0,20234.0,7692.0,18535.0,617.0,28.0,327.0,2.0,17.0,281.0,427.0,91.6,3.0,0.1,1.6,0.0,0.1,1.4,2.1,2798.0,13.8,40.5,295.0,3.8,63.6,21.3,19.3,22.5,1076.0
277,21160,42825657.0,2329353.0,2408.0,924.0,2273.0,43.0,8.0,16.0,0.0,0.0,43.0,25.0,94.4,1.8,0.3,0.7,0.0,0.0,1.8,1.0,328.0,13.6,41.1,40.0,4.3,57.3,29.4,18.8,20.2,140.0
278,21161,125375715.0,457585.0,5490.0,2074.0,5237.0,59.0,3.0,33.0,0.0,2.0,58.0,98.0,95.4,1.1,0.1,0.6,0.0,0.0,1.1,1.8,804.0,14.6,45.1,69.0,3.3,63.6,28.3,11.3,14.5,267.0
279,21162,19321366.0,2766755.0,3655.0,1392.0,3074.0,221.0,13.0,215.0,1.0,1.0,48.0,82.0,84.1,6.0,0.4,5.9,0.0,0.0,1.3,2.2,559.0,15.3,41.6,69.0,5.0,62.4,29.1,11.9,17.7,417.0
280,21163,32691039.0,481716.0,7026.0,2542.0,3990.0,1429.0,8.0,1273.0,2.0,7.0,144.0,173.0,56.8,20.3,0.1,18.1,0.0,0.1,2.0,2.5,1027.0,14.6,42.4,64.0,2.5,70.4,20.6,11.4,12.6,285.0
281,21201,3340677.0,0.0,16972.0,11255.0,5482.0,8896.0,51.0,1519.0,8.0,31.0,414.0,571.0,32.3,52.4,0.3,9.0,0.0,0.2,2.4,3.4,1842.0,10.9,30.3,1413.0,12.6,7.8,16.3,90.6,81.5,1242.0
282,21202,4111039.0,331316.0,22832.0,10372.0,6049.0,14845.0,48.0,815.0,6.0,59.0,344.0,666.0,26.5,65.0,0.2,3.6,0.0,0.3,1.5,2.9,1532.0,6.7,32.3,1972.0,19.0,17.9,21.7,77.2,80.7,2377.0
284,21204,15615168.0,179910.0,20253.0,8274.0,16401.0,1941.0,31.0,843.0,6.0,34.0,294.0,703.0,81.0,9.6,0.2,4.2,0.0,0.2,1.5,3.5,3874.0,19.1,34.5,654.0,7.9,33.4,32.6,50.4,17.4,1467.0
285,21205,5304530.0,0.0,16146.0,7059.0,2933.0,11259.0,64.0,245.0,5.0,15.0,231.0,1394.0,18.2,69.7,0.4,1.5,0.0,0.1,1.4,8.6,1627.0,10.1,30.6,1436.0,20.3,23.0,43.8,59.0,78.2,1512.0
286,21206,18667230.0,3869.0,50846.0,21762.0,13133.0,34557.0,167.0,784.0,13.0,84.0,1041.0,1067.0,25.8,68.0,0.3,1.5,0.0,0.2,2.0,2.1,4882.0,9.6,35.4,1963.0,9.0,49.5,18.3,39.4,56.4,4594.0
287,21207,26710727.0,81229.0,48133.0,20272.0,4683.0,40270.0,118.0,550.0,8.0,97.0,791.0,1616.0,9.7,83.7,0.2,1.1,0.0,0.2,1.6,3.4,6616.0,13.7,38.7,1494.0,7.4,48.0,19.6,40.2,56.1,4094.0
288,21208,31925959.0,65741.0,33917.0,15621.0,18227.0,13209.0,55.0,812.0,14.0,81.0,502.0,1017.0,53.7,38.9,0.2,2.4,0.0,0.2,1.5,3.0,8080.0,23.8,46.7,895.0,5.7,46.9,30.2,32.8,32.0,2986.0
289,21209,18354471.0,101926.0,26465.0,12054.0,19694.0,3547.0,29.0,2056.0,9.0,53.0,428.0,649.0,74.4,13.4,0.1,7.8,0.0,0.2,1.6,2.5,4157.0,15.7,37.7,547.0,4.5,41.8,29.8,40.5,17.6,1966.0
290,21210,8579050.0,5635.0,14292.0,5949.0,11158.0,909.0,14.0,1447.0,2.0,15.0,290.0,457.0,78.1,6.4,0.1,10.1,0.0,0.1,2.0,3.2,1986.0,13.9,31.6,395.0,6.6,38.9,32.2,42.7,14.3,394.0
291,21211,7219042.0,25184.0,17351.0,9287.0,13144.0,2299.0,54.0,838.0,2.0,31.0,377.0,606.0,75.8,13.2,0.3,4.8,0.0,0.2,2.2,3.5,2836.0,16.3,36.9,967.0,10.4,41.4,23.2,46.1,46.9,888.0
292,21212,12042941.0,97316.0,32322.0,14380.0,16979.0,12620.0,64.0,1037.0,5.0,58.0,569.0,990.0,52.5,39.0,0.2,3.2,0.0,0.2,1.8,3.1,4166.0,12.9,38.6,1466.0,10.2,53.4,22.7,30.9,36.0,1988.0
293,21213,8833257.0,1899.0,32733.0,14968.0,1954.0,29824.0,77.0,131.0,2.0,20.0,364.0,361.0,6.0,91.1,0.2,0.4,0.0,0.1,1.1,1.1,3562.0,10.9,35.6,3147.0,21.0,41.8,26.0,43.5,77.1,2751.0
294,21214,7394837.0,0.0,20564.0,8981.0,8276.0,10950.0,51.0,252.0,7.0,40.0,468.0,520.0,40.2,53.2,0.2,1.2,0.0,0.2,2.3,2.5,2213.0,10.8,39.0,791.0,8.8,59.8,19.1,26.1,48.7,1363.0
295,21215,17645223.0,10946.0,60161.0,26995.0,8610.0,48796.0,134.0,387.0,33.0,102.0,725.0,1374.0,14.3,81.1,0.2,0.6,0.1,0.2,1.2,2.3,10092.0,16.8,39.8,3679.0,13.6,35.7,28.9,49.7,60.7,4962.0
296,21216,8634688.0,145342.0,32071.0,14934.0,386.0,30809.0,57.0,55.0,6.0,25.0,392.0,341.0,1.2,96.1,0.2,0.2,0.0,0.1,1.2,1.1,4330.0,13.5,37.4,3029.0,20.3,34.5,31.1,49.9,76.5,2249.0
297,21217,5999196.0,191954.0,37111.0,21096.0,3487.0,32069.0,76.0,367.0,6.0,50.0,555.0,501.0,9.4,86.4,0.2,1.0,0.0,0.1,1.5,1.4,4127.0,11.1,34.3,5854.0,27.7,21.7,27.7,70.0,81.5,2272.0
298,21218,10836080.0,316361.0,49796.0,23730.0,12737.0,31565.0,131.0,2837.0,19.0,89.0,974.0,1444.0,25.6,63.4,0.3,5.7,0.0,0.2,2.0,2.9,5660.0,11.4,32.8,3784.0,15.9,33.0,28.0,54.2,64.7,2961.0
299,21219,21258354.0,10767333.0,9379.0,3816.0,8623.0,390.0,38.0,95.0,0.0,4.0,104.0,125.0,91.9,4.2,0.4,1.0,0.0,0.0,1.1,1.3,1595.0,17.0,44.6,221.0,5.8,54.8,32.7,18.6,26.5,775.0
300,21220,55824029.0,16798384.0,39199.0,16245.0,27773.0,7400.0,169.0,946.0,11.0,45.0,908.0,1947.0,70.9,18.9,0.4,2.4,0.0,0.1,2.3,5.0,4810.0,12.3,37.0,884.0,5.4,48.0,26.5,34.6,44.5,3599.0
301,21221,38242330.0,16294079.0,42154.0,17966.0,27679.0,10395.0,166.0,761.0,10.0,85.0,989.0,2069.0,65.7,24.7,0.4,1.8,0.0,0.2,2.3,4.9,5749.0,13.6,38.1,1134.0,6.3,41.6,27.4,42.7,48.0,3589.0
302,21222,28389988.0,5688538.0,55786.0,23231.0,44049.0,6297.0,457.0,912.0,11.0,45.0,1490.0,2525.0,79.0,11.3,0.8,1.6,0.0,0.1,2.7,4.5,8242.0,14.8,39.1,1496.0,6.4,45.4,32.0,33.3,46.7,4779.0
303,21223,6817146.0,48381.0,26366.0,14343.0,4849.0,19712.0,117.0,332.0,4.0,35.0,501.0,816.0,18.4,74.8,0.4,1.3,0.0,0.1,1.9,3.1,2760.0,10.5,34.8,4751.0,33.1,22.5,37.2,64.1,75.2,1853.0
304,21224,24539976.0,8880483.0,49134.0,23112.0,29120.0,8434.0,382.0,1092.0,27.0,75.0,895.0,9109.0,59.3,17.2,0.8,2.2,0.1,0.2,1.8,18.5,5194.0,10.6,32.5,3193.0,13.8,42.9,25.8,42.2,52.4,5096.0
305,21225,16741531.0,641895.0,33545.0,13715.0,15288.0,14399.0,117.0,581.0,8.0,47.0,900.0,2205.0,45.6,42.9,0.3,1.7,0.0,0.1,2.7,6.6,3379.0,10.1,32.0,1441.0,10.5,35.4,28.0,50.9,64.7,2710.0
306,21226,25718732.0,17453901.0,7561.0,3347.0,5667.0,1088.0,36.0,141.0,1.0,4.0,253.0,371.0,75.0,14.4,0.5,1.9,0.0,0.1,3.3,4.9,639.0,8.5,34.7,408.0,12.2,50.9,16.7,38.9,46.1,516.0
307,21227,29853685.0,570967.0,33534.0,13611.0,24303.0,5032.0,68.0,1207.0,25.0,43.0,746.0,2110.0,72.5,15.0,0.2,3.6,0.1,0.1,2.2,6.3,4300.0,12.8,35.0,814.0,6.0,48.2,24.7,36.0,45.3,2950.0
308,21228,40143654.0,107562.0,47577.0,19985.0,30774.0,10146.0,104.0,3568.0,20.0,104.0,1008.0,1853.0,64.7,21.3,0.2,7.5,0.0,0.2,2.1,3.9,9045.0,19.0,43.4,827.0,4.1,52.8,26.0,28.7,24.8,4074.0
309,21229,15227940.0,9418.0,45213.0,19681.0,8059.0,34089.0,121.0,1249.0,22.0,62.0,720.0,891.0,17.8,75.4,0.3,2.8,0.0,0.1,1.6,2.0,5773.0,12.8,37.2,1844.0,9.4,44.5,22.5,42.6,63.6,4017.0
310,21230,16325575.0,5336342.0,33568.0,17478.0,21122.0,8821.0,87.0,1045.0,12.0,59.0,614.0,1808.0,62.9,26.3,0.3,3.1,0.0,0.2,1.8,5.4,3018.0,9.0,31.8,2457.0,14.1,44.5,19.4,44.8,55.2,2865.0
311,21231,2259604.0,384090.0,15748.0,9108.0,7821.0,5126.0,90.0,595.0,10.0,14.0,271.0,1821.0,49.7,32.6,0.6,3.8,0.1,0.1,1.7,11.6,1293.0,8.2,32.1,1395.0,15.3,28.0,21.1,64.6,67.0,1136.0
313,21234,33648163.0,11024.0,69752.0,31527.0,45694.0,17218.0,138.0,2969.0,23.0,101.0,1246.0,2363.0,65.5,24.7,0.2,4.3,0.0,0.1,1.8,3.4,12223.0,17.5,40.1,1500.0,4.8,44.6,27.2,38.7,41.6,5190.0
315,21236,22187907.0,27168.0,38474.0,16332.0,28520.0,4790.0,77.0,3107.0,4.0,69.0,732.0,1175.0,74.1,12.4,0.2,8.1,0.0,0.2,1.9,3.1,4785.0,12.4,37.9,563.0,3.4,53.5,23.7,29.9,32.1,3139.0
316,21237,29708940.0,665797.0,30059.0,12461.0,17084.0,8049.0,113.0,2233.0,8.0,68.0,597.0,1907.0,56.8,26.8,0.4,7.4,0.0,0.2,2.0,6.3,3946.0,13.1,37.2,680.0,5.5,48.9,24.5,35.3,35.8,2875.0
317,21239,8375263.0,2110.0,28793.0,12505.0,4298.0,22820.0,46.0,600.0,11.0,38.0,440.0,540.0,14.9,79.3,0.2,2.1,0.0,0.1,1.5,1.9,3644.0,12.7,36.0,740.0,5.9,45.6,20.2,42.9,59.5,2373.0
318,21240,12553482.0,1056.0,0.0,0.0,0.0,0.0,0.0,0.0,0.0,0.0,0.0,0.0,0.0,0.0,0.0,0.0,0.0,0.0,0.0,0.0,0.0,0.0,0.0,0.0,0.0,0.0,0.0,0.0,0.0,0.0
320,21244,34747180.0,171979.0,34611.0,14378.0,3642.0,26477.0,73.0,1943.0,4.0,70.0,799.0,1603.0,10.5,76.5,0.2,5.6,0.0,0.2,2.3,4.6,2799.0,8.1,33.8,882.0,6.1,42.5,12.4,51.5,51.3,3320.0
321,21250,634718.0,0.0,3205.0,1.0,1648.0,651.0,3.0,621.0,2.0,5.0,136.0,139.0,51.4,20.3,0.1,19.4,0.1,0.2,4.2,4.3,1.0,0.0,19.9,0.0,0.0,0.0,100.0,0.0,0.0,31.0
322,21251,461424.0,0.0,934.0,0.0,33.0,859.0,0.0,12.0,1.0,0.0,25.0,4.0,3.5,92.0,0.0,1.3,0.1,0.0,2.7,0.4,0.0,0.0,19.6,0.0,0.0,0.0,0.0,0.0,0.0,26.0
323,21252,372524.0,0.0,2872.0,0.0,2127.0,451.0,5.0,106.0,1.0,10.0,74.0,98.0,74.1,15.7,0.2,3.7,0.0,0.3,2.6,3.4,0.0,0.0,19.3,0.0,0.0,0.0,0.0,0.0,0.0,153.0
324,21286,22060767.0,1043628.0,19206.0,8594.0,15302.0,1783.0,20.0,1074.0,7.0,45.0,392.0,583.0,79.7,9.3,0.1,5.6,0.0,0.2,2.0,3.0,3908.0,20.3,40.7,389.0,4.5,42.6,33.1,36.3,20.6,1332.0
325,21287,0.0,0.0,0.0,0.0,0.0,0.0,0.0,0.0,0.0,0.0,0.0,0.0,0.0,0.0,0.0,0.0,0.0,0.0,0.0,0.0,0.0,0.0,0.0,0.0,0.0,0.0,0.0,0.0,0.0,0.0
327,21401,51116387.0,5914452.0,36012.0,17412.0,24420.0,6788.0,58.0,804.0,12.0,55.0,561.0,3314.0,67.8,18.8,0.2,2.2,0.0,0.2,1.6,9.2,6986.0,19.4,42.1,1348.0,7.7,45.4,27.1,37.7,35.9,2994.0
328,21402,5017093.0,2687880.0,5217.0,344.0,3758.0,318.0,18.0,204.0,12.0,7.0,282.0,618.0,72.0,6.1,0.3,3.9,0.2,0.1,5.4,11.8,11.0,0.2,20.9,125.0,36.3,3.7,38.5,94.0,10.8,214.0
329,21403,23530922.0,12274727.0,30269.0,14329.0,19890.0,5037.0,46.0,610.0,7.0,64.0,519.0,4096.0,65.7,16.6,0.2,2.0,0.0,0.2,1.7,13.5,4613.0,15.2,40.5,747.0,5.2,49.4,19.9,38.3,35.5,2593.0
330,21405,2566889.0,1950935.0,544.0,340.0,527.0,0.0,0.0,6.0,0.0,0.0,0.0,11.0,96.9,0.0,0.0,1.1,0.0,0.0,0.0,2.0,127.0,23.3,49.5,4.0,1.2,58.6,37.7,5.9,15.3,51.0
332,21409,36247301.0,11631106.0,20064.0,7718.0,16869.0,1464.0,33.0,344.0,5.0,36.0,344.0,969.0,84.1,7.3,0.2,1.7,0.0,0.2,1.7,4.8,2485.0,12.4,40.8,281.0,3.6,70.0,17.3,15.4,20.2,1184.0
335,21502,232035115.0,4155097.0,44400.0,19499.0,37653.0,4735.0,63.0,351.0,18.0,46.0,781.0,753.0,84.8,10.7,0.1,0.8,0.0,0.1,1.8,1.7,7826.0,17.6,41.6,2173.0,11.1,40.1,40.7,32.3,38.7,4159.0
337,21520,158522417.0,0.0,2074.0,1054.0,2003.0,30.0,4.0,4.0,0.0,0.0,25.0,8.0,96.6,1.4,0.2,0.2,0.0,0.0,1.2,0.4,305.0,14.7,40.5,87.0,8.3,43.7,42.6,23.9,19.5,168.0
338,21521,60100158.0,55227.0,1265.0,605.0,1242.0,1.0,1.0,3.0,0.0,0.0,11.0,7.0,98.2,0.1,0.1,0.2,0.0,0.0,0.9,0.6,279.0,22.1,45.6,56.0,9.3,40.1,48.9,21.4,27.6,89.0
339,21522,6684501.0,0.0,141.0,53.0,141.0,0.0,0.0,0.0,0.0,0.0,0.0,0.0,100.0,0.0,0.0,0.0,0.0,0.0,0.0,0.0,14.0,9.9,40.6,1.0,1.9,35.3,57.1,17.6,27.6,11.0
340,21523,1834884.0,63933.0,286.0,124.0,280.0,0.0,0.0,0.0,0.0,0.0,2.0,4.0,97.9,0.0,0.0,0.0,0.0,0.0,0.7,1.4,68.0,23.8,48.3,11.0,8.9,45.0,49.0,11.7,13.5,14.0
342,21529,9382408.0,85941.0,631.0,287.0,614.0,2.0,0.0,2.0,0.0,0.0,4.0,9.0,97.3,0.3,0.0,0.3,0.0,0.0,0.6,1.4,147.0,23.3,47.7,20.0,7.0,46.6,42.5,19.1,28.7,67.0
343,21530,146146286.0,440000.0,1591.0,801.0,1529.0,21.0,4.0,3.0,0.0,0.0,18.0,16.0,96.1,1.3,0.3,0.2,0.0,0.0,1.1,1.0,297.0,18.7,44.3,52.0,6.5,45.0,46.0,16.6,29.5,122.0
344,21531,160031728.0,2472012.0,2227.0,1278.0,2183.0,4.0,6.0,3.0,0.0,0.0,18.0,13.0,98.0,0.2,0.3,0.1,0.0,0.0,0.8,0.6,384.0,17.2,44.1,127.0,9.9,38.2,49.3,24.6,25.6,138.0
345,21532,201557315.0,491015.0,15620.0,6425.0,13803.0,1154.0,15.0,188.0,6.0,11.0,190.0,253.0,88.4,7.4,0.1,1.2,0.0,0.1,1.2,1.6,2375.0,15.2,30.5,495.0,7.7,36.1,42.5,37.2,29.4,1305.0
346,21536,257799183.0,251375.0,4121.0,1890.0,4016.0,35.0,6.0,7.0,0.0,0.0,24.0,33.0,97.5,0.8,0.1,0.2,0.0,0.0,0.6,0.8,733.0,17.8,41.2,119.0,6.3,40.2,45.5,26.2,24.8,329.0
347,21538,46293462.0,530742.0,716.0,358.0,711.0,0.0,1.0,0.0,0.0,0.0,2.0,2.0,99.3,0.0,0.1,0.0,0.0,0.0,0.3,0.3,125.0,17.5,41.2,52.0,14.5,36.1,57.0,16.1,24.3,44.0
348,21539,89834282.0,70929.0,2819.0,1240.0,2744.0,36.0,0.0,4.0,1.0,0.0,22.0,12.0,97.3,1.3,0.0,0.1,0.0,0.0,0.8,0.4,555.0,19.7,41.6,125.0,10.1,36.4,49.8,27.4,30.4,224.0
349,21540,698918.0,111224.0,65.0,61.0,61.0,0.0,0.0,0.0,0.0,0.0,0.0,4.0,93.8,0.0,0.0,0.0,0.0,0.0,0.0,6.2,22.0,33.8,48.5,28.0,45.9,18.2,71.4,36.4,50.0,10.0
350,21541,68154240.0,3219605.0,1546.0,2293.0,1402.0,98.0,4.0,11.0,0.0,0.0,9.0,22.0,90.7,6.3,0.3,0.7,0.0,0.0,0.6,1.4,229.0,14.8,42.1,221.0,9.6,39.5,39.1,35.2,27.6,70.0
353,21545,37234974.0,21107.0,1940.0,868.0,1889.0,10.0,2.0,1.0,0.0,0.0,22.0,16.0,97.4,0.5,0.1,0.1,0.0,0.0,1.1,0.8,345.0,17.8,43.2,81.0,9.3,49.4,42.5,14.1,19.2,146.0
354,21550,526785492.0,6822965.0,14194.0,8203.0,13902.0,54.0,14.0,38.0,0.0,1.0,89.0,96.0,97.9,0.4,0.1,0.3,0.0,0.0,0.6,0.7,2552.0,18.0,43.1,510.0,6.2,43.9,41.9,24.5,28.2,1009.0
355,21555,274428331.0,5883176.0,1936.0,1054.0,1879.0,11.0,4.0,2.0,0.0,0.0,17.0,23.0,97.1,0.6,0.2,0.1,0.0,0.0,0.9,1.2,338.0,17.5,45.9,73.0,6.9,47.9,42.9,16.1,24.7,130.0
356,21557,69760972.0,1235041.0,1895.0,876.0,1849.0,7.0,2.0,12.0,1.0,1.0,14.0,9.0,97.6,0.4,0.1,0.6,0.1,0.1,0.7,0.5,395.0,20.8,45.8,62.0,7.1,47.7,44.8,13.6,28.1,144.0
357,21561,240038317.0,8669494.0,2627.0,2699.0,2567.0,40.0,0.0,5.0,0.0,1.0,6.0,8.0,97.7,1.5,0.0,0.2,0.0,0.0,0.2,0.3,524.0,19.9,46.4,167.0,6.2,45.9,48.0,11.8,20.8,165.0
358,21562,75067999.0,481011.0,3141.0,1536.0,3087.0,17.0,0.0,3.0,0.0,1.0,22.0,11.0,98.3,0.5,0.0,0.1,0.0,0.0,0.7,0.4,724.0,23.0,45.4,234.0,15.2,38.2,49.3,24.6,31.5,274.0
359,21601,283350581.0,53718770.0,23597.0,11292.0,17595.0,3376.0,33.0,387.0,13.0,55.0,353.0,1785.0,74.6,14.3,0.1,1.6,0.1,0.2,1.5,7.6,5367.0,22.7,45.1,849.0,7.5,45.9,31.8,32.7,34.3,1500.0
362,21607,47395591.0,0.0,583.0,236.0,476.0,49.0,5.0,0.0,0.0,0.0,7.0,46.0,81.6,8.4,0.9,0.0,0.0,0.0,1.2,7.9,62.0,10.6,40.1,27.0,11.4,56.5,29.5,19.8,24.5,48.0
363,21610,4580667.0,3630895.0,378.0,347.0,343.0,13.0,3.0,2.0,0.0,0.0,7.0,10.0,90.7,3.4,0.8,0.5,0.0,0.0,1.9,2.6,63.0,16.7,47.4,17.0,4.9,41.9,37.4,33.1,39.7,18.0
364,21612,14905132.0,16436690.0,492.0,377.0,475.0,5.0,1.0,0.0,0.0,0.0,5.0,6.0,96.5,1.0,0.2,0.0,0.0,0.0,1.0,1.2,162.0,32.9,57.6,26.0,6.9,50.2,44.9,8.9,12.7,18.0
365,21613,402573173.0,103610844.0,17330.0,8985.0,9916.0,6128.0,60.0,198.0,8.0,20.0,324.0,676.0,57.2,35.4,0.3,1.1,0.0,0.1,1.9,3.9,3146.0,18.2,42.4,1078.0,12.0,35.9,37.7,42.4,57.5,1591.0
366,21617,283247829.0,23067121.0,9907.0,3897.0,8616.0,751.0,31.0,98.0,1.0,8.0,157.0,245.0,87.0,7.6,0.3,1.0,0.0,0.1,1.6,2.5,1470.0,14.8,40.6,274.0,7.0,64.7,21.0,18.1,19.2,661.0
367,21619,24230812.0,25316223.0,5848.0,2715.0,5155.0,351.0,19.0,68.0,0.0,3.0,89.0,163.0,88.1,6.0,0.3,1.2,0.0,0.1,1.5,2.8,957.0,16.4,44.4,138.0,5.1,64.3,18.2,21.4,31.1,430.0
368,21620,302566585.0,43718996.0,12853.0,6159.0,9950.0,2092.0,20.0,126.0,4.0,16.0,211.0,434.0,77.4,16.3,0.2,1.0,0.0,0.1,1.6,3.4,2819.0,21.9,43.9,574.0,9.3,44.9,34.2,31.7,36.6,747.0
370,21622,140619350.0,32322110.0,558.0,354.0,483.0,54.0,2.0,1.0,0.0,0.0,5.0,13.0,86.6,9.7,0.4,0.2,0.0,0.0,0.9,2.3,141.0,25.3,50.2,48.0,13.6,42.4,46.1,21.2,30.0,32.0
371,21623,97170955.0,1918126.0,2111.0,816.0,1654.0,278.0,7.0,17.0,0.0,1.0,41.0,113.0,78.4,13.2,0.3,0.8,0.0,0.0,1.9,5.4,231.0,10.9,38.5,74.0,9.1,57.3,25.4,23.2,22.8,128.0
373,21625,108023258.0,1497078.0,2719.0,1083.0,2333.0,271.0,2.0,11.0,0.0,4.0,40.0,58.0,85.8,10.0,0.1,0.4,0.0,0.1,1.5,2.1,388.0,14.3,43.3,75.0,6.9,58.6,28.8,17.8,22.1,111.0
374,21626,75270424.0,8398918.0,120.0,122.0,113.0,3.0,1.0,1.0,0.0,0.0,0.0,2.0,94.2,2.5,0.8,0.8,0.0,0.0,0.0,1.7,31.0,25.8,52.7,19.0,15.6,48.3,47.3,8.3,27.8,0.0
375,21627,3633354.0,525536.0,18.0,27.0,18.0,0.0,0.0,0.0,0.0,0.0,0.0,0.0,100.0,0.0,0.0,0.0,0.0,0.0,0.0,0.0,5.0,27.8,58.3,1.0,3.7,30.0,62.5,20.0,0.0,0.0
377,21629,214651886.0,6377906.0,9555.0,3897.0,7835.0,1240.0,34.0,59.0,2.0,12.0,164.0,209.0,82.0,13.0,0.4,0.6,0.0,0.1,1.7,2.2,1484.0,15.5,40.2,315.0,8.1,52.3,27.5,27.9,32.6,612.0
378,21631,67544406.0,10718158.0,2731.0,1216.0,2405.0,234.0,3.0,20.0,0.0,0.0,19.0,50.0,88.1,8.6,0.1,0.7,0.0,0.0,0.7,1.8,474.0,17.4,44.4,79.0,6.5,56.9,33.4,14.4,20.7,210.0
379,21632,191895132.0,1298240.0,6353.0,2742.0,4458.0,1523.0,12.0,59.0,0.0,12.0,115.0,174.0,70.2,24.0,0.2,0.9,0.0,0.2,1.8,2.7,891.0,14.0,39.2,232.0,8.5,41.3,35.0,36.4,49.8,466.0
380,21634,12200561.0,20822861.0,305.0,307.0,287.0,2.0,0.0,0.0,0.0,0.0,3.0,13.0,94.1,0.7,0.0,0.0,0.0,0.0,1.0,4.3,93.0,30.5,51.9,53.0,17.3,53.6,40.5,10.0,23.8,74.0
381,21635,79654483.0,4063543.0,2098.0,1034.0,1855.0,90.0,3.0,9.0,0.0,2.0,16.0,123.0,88.4,4.3,0.1,0.4,0.0,0.1,0.8,5.9,396.0,18.9,46.1,57.0,5.5,53.2,33.8,19.6,20.6,112.0
382,21636,57175453.0,156310.0,1186.0,486.0,1036.0,83.0,3.0,2.0,0.0,0.0,9.0,53.0,87.4,7.0,0.3,0.2,0.0,0.0,0.8,4.5,159.0,13.4,41.1,43.0,8.8,55.7,32.0,18.0,32.7,78.0
383,21638,25480164.0,14298968.0,4934.0,2191.0,3855.0,696.0,15.0,71.0,0.0,4.0,88.0,205.0,78.1,14.1,0.3,1.4,0.0,0.1,1.8,4.2,813.0,16.5,43.4,148.0,6.8,64.1,20.2,19.7,25.1,347.0
384,21639,85021451.0,341767.0,4408.0,1779.0,3686.0,358.0,13.0,24.0,0.0,0.0,84.0,243.0,83.6,8.1,0.3,0.5,0.0,0.0,1.9,5.5,501.0,11.4,35.9,141.0,7.9,54.3,24.2,28.4,31.5,227.0
385,21640,71646341.0,185174.0,1632.0,651.0,1390.0,77.0,2.0,8.0,0.0,1.0,24.0,130.0,85.2,4.7,0.1,0.5,0.0,0.1,1.5,8.0,190.0,11.6,38.7,44.0,6.8,54.7,31.5,20.1,32.9,163.0
386,21641,233483.0,6165.0,117.0,55.0,115.0,2.0,0.0,0.0,0.0,0.0,0.0,0.0,98.3,1.7,0.0,0.0,0.0,0.0,0.0,0.0,14.0,12.0,37.9,2.0,3.6,49.0,16.7,41.2,37.5,10.0
387,21643,123412463.0,5326122.0,5979.0,2576.0,3677.0,1889.0,19.0,53.0,0.0,3.0,115.0,223.0,61.5,31.6,0.3,0.9,0.0,0.1,1.9,3.7,783.0,13.1,40.2,247.0,9.6,57.0,26.1,22.9,42.1,435.0
388,21644,11140680.0,0.0,111.0,41.0,93.0,1.0,0.0,0.0,0.0,0.0,0.0,17.0,83.8,0.9,0.0,0.0,0.0,0.0,0.0,15.3,13.0,11.7,34.5,3.0,7.3,60.5,30.3,13.2,20.7,0.0
389,21645,98637796.0,7812552.0,1039.0,594.0,814.0,40.0,0.0,2.0,0.0,0.0,10.0,173.0,78.3,3.8,0.0,0.2,0.0,0.0,1.0,16.7,221.0,21.3,44.8,56.0,9.4,46.6,39.9,22.4,29.4,105.0
390,21647,8550190.0,1633573.0,289.0,184.0,247.0,36.0,0.0,0.0,0.0,0.0,4.0,2.0,85.5,12.5,0.0,0.0,0.0,0.0,1.4,0.7,81.0,28.0,54.9,25.0,13.6,47.8,41.8,17.9,44.1,8.0
391,21648,45632511.0,10852813.0,255.0,150.0,223.0,26.0,0.0,2.0,0.0,0.0,2.0,2.0,87.5,10.2,0.0,0.8,0.0,0.0,0.8,0.8,65.0,25.5,49.4,13.0,8.7,50.5,41.4,13.9,37.8,16.0
392,21649,44118028.0,24292.0,1858.0,593.0,961.0,33.0,7.0,3.0,6.0,2.0,21.0,825.0,51.7,1.8,0.4,0.2,0.3,0.1,1.1,44.4,129.0,6.9,29.0,77.0,13.0,39.3,39.0,35.6,30.3,236.0
393,21650,28668471.0,135772.0,238.0,98.0,180.0,6.0,2.0,3.0,0.0,0.0,9.0,38.0,75.6,2.5,0.8,1.3,0.0,0.0,3.8,16.0,33.0,13.9,37.0,17.0,17.3,48.8,32.8,27.5,26.7,11.0
394,21651,100850231.0,1988812.0,2898.0,1234.0,2331.0,305.0,6.0,25.0,3.0,3.0,34.0,191.0,80.4,10.5,0.2,0.9,0.1,0.1,1.2,6.6,395.0,13.6,40.2,120.0,9.7,59.0,26.2,20.1,34.5,139.0
395,21652,1552741.0,2728348.0,183.0,154.0,177.0,0.0,0.0,0.0,0.0,0.0,2.0,4.0,96.7,0.0,0.0,0.0,0.0,0.0,1.1,2.2,81.0,44.3,62.3,16.0,10.4,48.9,42.3,15.2,21.1,0.0
397,21654,28411730.0,9892865.0,1236.0,974.0,1139.0,65.0,0.0,6.0,0.0,0.0,18.0,8.0,92.2,5.3,0.0,0.5,0.0,0.0,1.5,0.6,455.0,36.8,59.6,89.0,9.1,46.1,43.5,18.5,12.0,44.0
398,21655,137258137.0,8649488.0,5009.0,2165.0,4185.0,638.0,12.0,27.0,0.0,3.0,75.0,69.0,83.5,12.7,0.2,0.5,0.0,0.1,1.5,1.4,758.0,15.1,42.5,195.0,9.0,58.4,29.4,17.2,29.0,236.0
399,21657,64427733.0,44319.0,777.0,310.0,665.0,77.0,0.0,7.0,0.0,0.0,10.0,18.0,85.6,9.9,0.0,0.9,0.0,0.0,1.3,2.3,97.0,12.5,42.2,17.0,5.5,57.6,29.1,18.8,25.0,83.0
400,21658,101617928.0,18832105.0,3862.0,1679.0,3454.0,240.0,10.0,22.0,3.0,2.0,39.0,92.0,89.4,6.2,0.3,0.6,0.1,0.1,1.0,2.4,760.0,19.7,47.0,76.0,4.5,62.8,27.7,13.1,17.4,216.0
401,21659,124235193.0,3349072.0,1551.0,702.0,1301.0,177.0,0.0,7.0,0.0,0.0,22.0,44.0,83.9,11.4,0.0,0.5,0.0,0.0,1.4,2.8,255.0,16.4,44.5,65.0,9.3,47.6,43.4,15.9,41.1,67.0
402,21660,85694837.0,384407.0,4063.0,1557.0,3110.0,652.0,12.0,12.0,1.0,4.0,83.0,189.0,76.5,16.0,0.3,0.3,0.0,0.1,2.0,4.7,436.0,10.7,35.8,123.0,7.9,58.8,20.4,26.1,32.5,265.0
403,21661,83954615.0,56944688.0,2653.0,1792.0,2334.0,237.0,2.0,4.0,0.0,0.0,37.0,39.0,88.0,8.9,0.1,0.2,0.0,0.0,1.4,1.5,722.0,27.2,52.3,154.0,8.6,45.8,40.6,22.9,36.6,133.0
404,21662,20686112.0,14697516.0,555.0,422.0,443.0,95.0,0.0,2.0,0.0,0.0,3.0,12.0,79.8,17.1,0.0,0.4,0.0,0.0,0.5,2.2,177.0,31.9,56.5,40.0,9.5,50.6,38.1,18.3,19.4,28.0
405,21663,31660228.0,17343594.0,3308.0,2167.0,2840.0,343.0,4.0,20.0,1.0,3.0,29.0,68.0,85.9,10.4,0.1,0.6,0.0,0.1,0.9,2.1,1168.0,35.3,57.5,171.0,7.9,47.6,37.5,23.8,37.7,93.0
407,21665,10578736.0,12869134.0,287.0,195.0,273.0,7.0,1.0,0.0,0.0,0.0,2.0,4.0,95.1,2.4,0.3,0.0,0.0,0.0,0.7,1.4,78.0,27.2,49.6,16.0,8.2,66.4,29.6,5.7,30.8,18.0
408,21666,57244987.0,27776801.0,12309.0,5085.0,11421.0,266.0,22.0,150.0,4.0,16.0,189.0,241.0,92.8,2.2,0.2,1.2,0.0,0.1,1.5,2.0,1505.0,12.2,42.6,319.0,6.3,75.2,14.6,11.9,17.4,739.0
409,21667,15242720.0,1468368.0,310.0,155.0,281.0,20.0,0.0,1.0,0.0,0.0,6.0,2.0,90.6,6.5,0.0,0.3,0.0,0.0,1.9,0.6,74.0,23.9,49.7,17.0,11.0,58.6,32.8,12.8,15.9,9.0
410,21668,128608031.0,69190.0,1904.0,785.0,1653.0,121.0,4.0,2.0,0.0,0.0,31.0,93.0,86.8,6.4,0.2,0.1,0.0,0.0,1.6,4.9,308.0,16.2,41.4,71.0,9.0,47.1,35.4,27.1,22.3,121.0
411,21669,32129918.0,16008339.0,229.0,228.0,211.0,5.0,2.0,1.0,0.0,0.0,3.0,7.0,92.1,2.2,0.9,0.4,0.0,0.0,1.3,3.1,59.0,25.8,52.2,29.0,12.7,53.3,38.5,13.3,11.5,0.0
413,21671,5472625.0,8925148.0,756.0,619.0,730.0,11.0,4.0,4.0,0.0,0.0,2.0,5.0,96.6,1.5,0.5,0.5,0.0,0.0,0.3,0.7,220.0,29.1,54.2,67.0,10.8,55.8,33.0,16.8,42.5,24.0
414,21672,24966397.0,7552147.0,241.0,216.0,231.0,9.0,0.0,0.0,0.0,0.0,0.0,1.0,95.9,3.7,0.0,0.0,0.0,0.0,0.0,0.4,61.0,25.3,51.2,36.0,16.7,41.0,56.8,5.1,34.2,16.0
415,21673,133831191.0,43105240.0,3136.0,1456.0,2436.0,539.0,2.0,24.0,2.0,6.0,33.0,94.0,77.7,17.2,0.1,0.8,0.1,0.2,1.1,3.0,532.0,17.0,44.9,118.0,8.1,54.9,26.5,25.4,25.7,173.0
416,21675,8431831.0,1929985.0,105.0,103.0,104.0,1.0,0.0,0.0,0.0,0.0,0.0,0.0,99.0,1.0,0.0,0.0,0.0,0.0,0.0,0.0,25.0,23.8,50.3,17.0,16.5,48.9,47.7,6.4,41.2,0.0
417,21676,16266947.0,20862861.0,398.0,260.0,370.0,14.0,0.0,3.0,0.0,0.0,5.0,6.0,93.0,3.5,0.0,0.8,0.0,0.0,1.3,1.5,108.0,27.1,53.5,27.0,10.4,50.3,38.9,17.7,36.2,8.0
418,21677,24178723.0,6875314.0,440.0,248.0,406.0,16.0,1.0,1.0,0.0,0.0,5.0,11.0,92.3,3.6,0.2,0.2,0.0,0.0,1.1,2.5,118.0,26.8,47.7,18.0,7.3,56.2,35.9,12.4,23.8,35.0
419,21678,97300721.0,12587823.0,2301.0,1144.0,1624.0,588.0,1.0,9.0,0.0,4.0,23.0,52.0,70.6,25.6,0.0,0.4,0.0,0.2,1.0,2.3,459.0,19.9,47.0,101.0,8.8,53.8,33.1,19.6,32.8,109.0
420,21679,23175647.0,890864.0,483.0,189.0,446.0,11.0,1.0,6.0,0.0,1.0,9.0,9.0,92.3,2.3,0.2,1.2,0.0,0.2,1.9,1.9,67.0,13.9,43.9,5.0,2.6,68.2,22.1,12.5,5.4,21.0
421,21701,100783138.0,1751826.0,35293.0,15847.0,27193.0,4075.0,89.0,980.0,7.0,63.0,874.0,2012.0,77.0,11.5,0.3,2.8,0.0,0.2,2.5,5.7,4920.0,13.9,39.7,1137.0,7.2,53.8,18.5,34.0,30.2,2784.0
422,21702,104655311.0,282970.0,38847.0,15617.0,23987.0,6184.0,111.0,2206.0,36.0,66.0,1086.0,5171.0,61.7,15.9,0.3,5.7,0.1,0.2,2.8,13.3,4587.0,11.8,36.2,920.0,5.9,52.2,18.5,36.0,27.7,3894.0
423,21703,86136850.0,106575.0,32854.0,12772.0,19407.0,4984.0,77.0,2383.0,24.0,98.0,957.0,4924.0,59.1,15.2,0.2,7.3,0.1,0.3,2.9,15.0,2460.0,7.5,33.3,757.0,5.9,58.7,12.5,32.9,28.7,3746.0
424,21704,67773106.0,547647.0,13321.0,4439.0,9084.0,1112.0,24.0,1634.0,2.0,40.0,380.0,1045.0,68.2,8.3,0.2,12.3,0.0,0.3,2.9,7.8,1092.0,8.2,36.3,205.0,4.6,77.1,10.6,13.7,12.3,1130.0
425,21705,61289.0,0.0,8.0,0.0,6.0,1.0,0.0,1.0,0.0,0.0,0.0,0.0,75.0,12.5,0.0,12.5,0.0,0.0,0.0,0.0,0.0,0.0,44.0,0.0,0.0,0.0,0.0,0.0,0.0,29.0
428,21710,66189037.0,1147935.0,4515.0,1710.0,3841.0,274.0,7.0,107.0,3.0,2.0,74.0,207.0,85.1,6.1,0.2,2.4,0.1,0.0,1.6,4.6,688.0,15.2,42.2,77.0,4.5,64.5,18.7,20.7,9.1,261.0
429,21711,61780568.0,1768548.0,1029.0,418.0,1010.0,1.0,0.0,4.0,0.0,0.0,10.0,4.0,98.2,0.1,0.0,0.4,0.0,0.0,1.0,0.4,156.0,15.2,42.9,24.0,5.7,53.1,35.8,17.3,13.7,98.0
430,21713,109393375.0,158957.0,9502.0,3769.0,8884.0,181.0,18.0,120.0,3.0,5.0,80.0,211.0,93.5,1.9,0.2,1.3,0.0,0.1,0.8,2.2,1521.0,16.0,43.6,226.0,6.0,60.6,25.9,18.3,20.8,924.0
432,21716,8365222.0,1745950.0,4885.0,2054.0,4218.0,282.0,8.0,45.0,1.0,5.0,116.0,210.0,86.3,5.8,0.2,0.9,0.0,0.1,2.4,4.3,542.0,11.1,38.5,160.0,7.8,59.1,17.1,28.7,32.1,391.0
433,21717,950042.0,10584.0,54.0,25.0,54.0,0.0,0.0,0.0,0.0,0.0,0.0,0.0,100.0,0.0,0.0,0.0,0.0,0.0,0.0,0.0,11.0,20.4,50.0,3.0,12.0,40.9,35.7,36.4,22.2,23.0
434,21718,1175291.0,10427.0,151.0,74.0,148.0,0.0,0.0,1.0,0.0,0.0,0.0,2.0,98.0,0.0,0.0,0.7,0.0,0.0,0.0,1.3,23.0,15.2,50.5,4.0,5.4,50.7,30.0,27.5,33.3,11.0
435,21719,8705488.0,68393.0,1548.0,660.0,1443.0,47.0,5.0,3.0,1.0,1.0,28.0,20.0,93.2,3.0,0.3,0.2,0.1,0.1,1.8,1.3,162.0,10.5,36.1,57.0,8.6,47.1,30.1,32.6,41.8,96.0
437,21722,153722385.0,3368086.0,5545.0,2186.0,5369.0,44.0,5.0,23.0,1.0,0.0,43.0,60.0,96.8,0.8,0.1,0.4,0.0,0.0,0.8,1.1,750.0,13.5,42.5,123.0,5.6,55.6,32.5,17.6,19.6,545.0
438,21723,7900647.0,82192.0,803.0,252.0,590.0,71.0,0.0,98.0,0.0,0.0,22.0,22.0,73.5,8.8,0.0,12.2,0.0,0.0,2.7,2.7,64.0,8.0,38.7,8.0,3.2,79.8,16.5,4.5,8.0,60.0
439,21727,82894708.0,531553.0,5850.0,1811.0,5308.0,189.0,22.0,73.0,0.0,36.0,53.0,169.0,90.7,3.2,0.4,1.2,0.0,0.6,0.9,2.9,769.0,13.1,30.6,116.0,6.4,50.5,28.2,29.6,23.2,425.0
440,21733,15657081.0,0.0,1163.0,428.0,1107.0,16.0,4.0,1.0,0.0,0.0,13.0,22.0,95.2,1.4,0.3,0.1,0.0,0.0,1.1,1.9,135.0,11.6,41.0,25.0,5.8,68.4,22.0,12.3,13.6,113.0
441,21734,585226.0,0.0,771.0,392.0,746.0,9.0,2.0,2.0,1.0,0.0,7.0,4.0,96.8,1.2,0.3,0.3,0.1,0.0,0.9,0.5,129.0,16.7,46.4,32.0,8.2,34.4,39.5,43.1,37.6,53.0
442,21737,13133861.0,139115.0,1458.0,466.0,1124.0,54.0,1.0,196.0,0.0,1.0,39.0,43.0,77.1,3.7,0.1,13.4,0.0,0.1,2.7,2.9,137.0,9.4,42.4,23.0,4.9,79.2,16.8,4.7,11.2,117.0
443,21738,18881608.0,104336.0,3268.0,1062.0,2852.0,125.0,1.0,144.0,3.0,0.0,60.0,83.0,87.3,3.8,0.0,4.4,0.1,0.0,1.8,2.5,362.0,11.1,43.8,24.0,2.3,80.5,16.5,3.5,8.4,158.0
444,21740,180896936.0,758184.0,61859.0,25858.0,46933.0,9211.0,92.0,820.0,30.0,125.0,1847.0,2801.0,75.9,14.9,0.1,1.3,0.0,0.2,3.0,4.5,8133.0,13.1,37.3,2462.0,9.5,38.6,30.5,44.4,43.2,5960.0
445,21742,130689423.0,73363.0,31444.0,13555.0,25996.0,2403.0,46.0,822.0,24.0,56.0,716.0,1381.0,82.7,7.6,0.1,2.6,0.1,0.2,2.3,4.4,5048.0,16.1,40.1,955.0,7.0,45.4,30.4,34.7,28.4,2875.0
446,21746,932545.0,0.0,1883.0,0.0,528.0,1332.0,1.0,1.0,0.0,1.0,9.0,11.0,28.0,70.7,0.1,0.1,0.0,0.1,0.5,0.6,20.0,1.1,35.9,0.0,0.0,0.0,0.0,0.0,0.0,640.0
447,21750,156366138.0,4206866.0,3766.0,1779.0,3670.0,18.0,13.0,20.0,0.0,1.0,24.0,20.0,97.5,0.5,0.3,0.5,0.0,0.0,0.6,0.5,670.0,17.8,43.3,188.0,10.6,40.5,40.0,32.4,34.0,213.0
448,21754,61427395.0,105853.0,6323.0,2198.0,5550.0,177.0,19.0,201.0,4.0,6.0,115.0,251.0,87.8,2.8,0.3,3.2,0.1,0.1,1.8,4.0,552.0,8.7,42.7,62.0,2.8,77.9,16.8,6.3,12.2,402.0
449,21755,89210936.0,1622831.0,5591.0,2103.0,5112.0,110.0,14.0,69.0,0.0,3.0,81.0,202.0,91.4,2.0,0.3,1.2,0.0,0.1,1.4,3.6,670.0,12.0,43.8,76.0,3.6,67.3,23.4,12.2,15.3,412.0
450,21756,54112474.0,28102.0,3612.0,1340.0,3449.0,49.0,13.0,11.0,0.0,3.0,31.0,56.0,95.5,1.4,0.4,0.3,0.0,0.1,0.9,1.6,375.0,10.4,40.7,54.0,4.0,69.4,21.8,11.2,13.9,242.0
451,21757,97513958.0,199030.0,3036.0,1170.0,2850.0,50.0,5.0,18.0,0.0,1.0,30.0,82.0,93.9,1.6,0.2,0.6,0.0,0.0,1.0,2.7,446.0,14.7,44.0,58.0,5.0,54.7,32.3,19.2,21.8,166.0
452,21758,83996318.0,6288252.0,4921.0,1882.0,4313.0,281.0,8.0,70.0,1.0,8.0,113.0,127.0,87.6,5.7,0.2,1.4,0.0,0.2,2.3,2.6,603.0,12.3,40.8,116.0,6.2,66.0,22.1,15.3,19.1,229.0
453,21762,952882.0,0.0,249.0,100.0,223.0,12.0,1.0,0.0,0.0,0.0,5.0,8.0,89.6,4.8,0.4,0.0,0.0,0.0,2.0,3.2,24.0,9.6,37.2,11.0,11.0,43.8,30.4,37.1,29.3,25.0
455,21766,97905209.0,2256741.0,700.0,396.0,690.0,2.0,1.0,2.0,0.0,0.0,5.0,0.0,98.6,0.3,0.1,0.3,0.0,0.0,0.7,0.0,149.0,21.3,46.6,20.0,5.1,47.1,45.5,13.5,20.2,36.0
456,21767,737107.0,0.0,991.0,463.0,916.0,24.0,3.0,9.0,0.0,0.0,12.0,27.0,92.4,2.4,0.3,0.9,0.0,0.0,1.2,2.7,193.0,19.5,41.4,17.0,3.7,38.2,29.5,45.8,39.0,117.0
457,21769,105626341.0,746756.0,11236.0,4149.0,10341.0,174.0,16.0,213.0,5.0,11.0,158.0,318.0,92.0,1.5,0.1,1.9,0.0,0.1,1.4,2.8,1341.0,11.9,42.6,153.0,3.7,70.1,20.4,11.9,16.0,657.0
458,21770,28486330.0,27444.0,5164.0,1780.0,4742.0,66.0,9.0,67.0,1.0,3.0,77.0,199.0,91.8,1.3,0.2,1.3,0.0,0.1,1.5,3.9,565.0,10.9,44.7,35.0,2.0,80.6,16.4,3.7,11.6,442.0
459,21771,220312876.0,443148.0,29563.0,10200.0,26831.0,655.0,47.0,442.0,8.0,24.0,432.0,1124.0,90.8,2.2,0.2,1.5,0.0,0.1,1.5,3.8,3093.0,10.5,41.0,323.0,3.2,75.1,17.7,8.7,13.5,1613.0
460,21773,100274686.0,227721.0,5460.0,2080.0,5126.0,57.0,12.0,45.0,2.0,13.0,72.0,133.0,93.9,1.0,0.2,0.8,0.0,0.2,1.3,2.4,684.0,12.5,43.3,98.0,4.7,64.2,26.2,13.0,12.4,303.0
461,21774,37289821.0,668023.0,11662.0,4073.0,10330.0,318.0,12.0,247.0,2.0,13.0,239.0,501.0,88.6,2.7,0.1,2.1,0.0,0.1,2.0,4.3,736.0,6.3,36.5,136.0,3.3,85.2,8.0,7.4,15.6,887.0
462,21776,91194849.0,299382.0,5735.0,2159.0,5305.0,183.0,2.0,63.0,6.0,1.0,54.0,121.0,92.5,3.2,0.0,1.1,0.1,0.0,0.9,2.1,654.0,11.4,41.6,115.0,5.3,65.6,21.8,16.2,19.4,275.0
463,21777,5447272.0,2348483.0,1470.0,528.0,1207.0,114.0,6.0,30.0,0.0,6.0,31.0,76.0,82.1,7.8,0.4,2.0,0.0,0.4,2.1,5.2,93.0,6.3,37.8,33.0,6.3,86.0,8.6,5.9,14.3,72.0
464,21778,45182828.0,1156015.0,1094.0,438.0,1050.0,0.0,4.0,4.0,0.0,0.0,12.0,24.0,96.0,0.0,0.4,0.4,0.0,0.0,1.1,2.2,176.0,16.1,45.1,26.0,5.9,53.3,32.7,20.8,20.9,76.0
465,21779,23202464.0,0.0,983.0,394.0,947.0,9.0,1.0,4.0,0.0,0.0,5.0,17.0,96.3,0.9,0.1,0.4,0.0,0.0,0.5,1.7,156.0,15.9,45.3,20.0,5.1,61.5,29.4,12.9,12.7,58.0
466,21780,58239532.0,39452.0,1625.0,661.0,1531.0,44.0,1.0,3.0,0.0,1.0,8.0,37.0,94.2,2.7,0.1,0.2,0.0,0.1,0.5,2.3,235.0,14.5,41.1,60.0,9.1,52.2,36.2,18.1,20.0,132.0
468,21782,77664726.0,5502596.0,4097.0,1730.0,3900.0,21.0,8.0,12.0,0.0,0.0,104.0,52.0,95.2,0.5,0.2,0.3,0.0,0.0,2.5,1.3,549.0,13.4,43.9,107.0,6.2,59.9,29.3,15.3,20.6,276.0
469,21783,116295091.0,140928.0,9130.0,3522.0,8494.0,187.0,16.0,54.0,0.0,6.0,109.0,264.0,93.0,2.0,0.2,0.6,0.0,0.1,1.2,2.9,1158.0,12.7,39.9,201.0,5.7,58.3,27.2,19.9,24.7,766.0
470,21784,149010950.0,5264230.0,37941.0,13454.0,33968.0,1651.0,74.0,829.0,2.0,46.0,492.0,879.0,89.5,4.4,0.2,2.2,0.0,0.1,1.3,2.3,4649.0,12.3,41.3,352.0,2.6,68.5,19.8,14.6,15.3,2285.0
471,21787,148804253.0,629914.0,10693.0,4171.0,9839.0,311.0,19.0,63.0,6.0,3.0,207.0,245.0,92.0,2.9,0.2,0.6,0.1,0.0,1.9,2.3,1578.0,14.8,40.3,216.0,5.2,59.4,25.2,20.6,28.7,560.0
472,21788,172898559.0,1379503.0,11622.0,4718.0,11055.0,94.0,33.0,99.0,2.0,3.0,114.0,222.0,95.1,0.8,0.3,0.9,0.0,0.0,1.0,1.9,1729.0,14.9,42.4,250.0,5.3,59.1,25.2,21.0,23.8,952.0
473,21790,10146412.0,34788.0,100.0,44.0,87.0,0.0,0.0,1.0,0.0,0.0,2.0,10.0,87.0,0.0,0.0,1.0,0.0,0.0,2.0,10.0,19.0,19.0,45.7,0.0,0.0,41.9,40.0,30.2,12.5,0.0
474,21791,127672231.0,204244.0,5281.0,2053.0,4993.0,123.0,7.0,14.0,0.0,3.0,52.0,89.0,94.5,2.3,0.1,0.3,0.0,0.1,1.0,1.7,777.0,14.7,42.7,133.0,6.5,57.5,26.6,21.6,23.3,275.0
475,21793,52831424.0,36425.0,9775.0,3591.0,8131.0,661.0,13.0,187.0,2.0,6.0,239.0,536.0,83.2,6.8,0.1,1.9,0.0,0.1,2.4,5.5,1167.0,11.9,39.5,173.0,4.8,67.0,18.1,18.1,23.3,828.0
476,21794,22605176.0,84882.0,2434.0,777.0,1911.0,134.0,2.0,271.0,1.0,4.0,61.0,50.0,78.5,5.5,0.1,11.1,0.0,0.2,2.5,2.1,260.0,10.7,42.9,19.0,2.4,74.1,20.7,6.6,8.0,177.0
477,21795,78228891.0,4404361.0,9233.0,3958.0,8576.0,245.0,14.0,106.0,1.0,4.0,143.0,144.0,92.9,2.7,0.2,1.1,0.0,0.0,1.5,1.6,1822.0,19.7,43.8,259.0,6.5,44.6,33.9,32.5,30.7,985.0
478,21797,112103676.0,602122.0,8839.0,3079.0,7777.0,341.0,19.0,289.0,7.0,11.0,139.0,256.0,88.0,3.9,0.2,3.3,0.1,0.1,1.6,2.9,1071.0,12.1,43.7,119.0,3.9,70.0,22.6,9.5,10.0,446.0
479,21798,42827079.0,152589.0,2345.0,896.0,2138.0,53.0,3.0,19.0,0.0,6.0,36.0,90.0,91.2,2.3,0.1,0.8,0.0,0.3,1.5,3.8,327.0,13.9,42.7,33.0,3.7,60.9,24.1,19.9,15.8,159.0
480,21801,109651385.0,3756948.0,29961.0,11922.0,16603.0,10388.0,53.0,801.0,8.0,70.0,560.0,1478.0,55.4,34.7,0.2,2.7,0.0,0.2,1.9,4.9,3908.0,13.0,35.2,1109.0,9.3,43.4,26.5,41.0,44.4,2237.0
481,21802,136027.0,0.0,89.0,0.0,64.0,24.0,0.0,0.0,0.0,0.0,0.0,1.0,71.9,27.0,0.0,0.0,0.0,0.0,0.0,1.1,7.0,7.9,49.3,0.0,0.0,0.0,0.0,0.0,0.0,50.0
482,21804,192412299.0,1398919.0,38491.0,16184.0,25652.0,8468.0,59.0,1097.0,11.0,90.0,901.0,2213.0,66.6,22.0,0.2,2.9,0.0,0.2,2.3,5.7,5061.0,13.1,32.9,1161.0,7.2,38.5,30.5,44.6,44.8,3011.0
484,21811,260737100.0,32252178.0,22550.0,14832.0,18969.0,2264.0,58.0,233.0,8.0,18.0,320.0,680.0,84.1,10.0,0.3,1.0,0.0,0.1,1.4,3.0,6187.0,27.4,51.1,920.0,6.2,53.4,33.0,20.3,35.0,1432.0
485,21813,64314060.0,18168184.0,2852.0,1345.0,2505.0,189.0,3.0,27.0,2.0,2.0,36.0,88.0,87.8,6.6,0.1,0.9,0.1,0.1,1.3,3.1,433.0,15.2,45.5,100.0,7.4,57.7,33.2,13.6,20.7,166.0
486,21814,9597311.0,7762406.0,380.0,224.0,268.0,81.0,1.0,0.0,0.0,0.0,20.0,10.0,70.5,21.3,0.3,0.0,0.0,0.0,5.3,2.6,56.0,14.7,48.2,22.0,9.8,48.8,39.6,19.3,36.8,11.0
487,21817,37916876.0,10163392.0,5236.0,2897.0,3742.0,1140.0,29.0,32.0,0.0,5.0,89.0,199.0,71.5,21.8,0.6,0.6,0.0,0.1,1.7,3.8,1047.0,20.0,43.5,475.0,16.4,36.7,41.2,37.6,57.5,339.0
488,21821,28297631.0,12589440.0,991.0,734.0,856.0,103.0,4.0,8.0,0.0,7.0,10.0,3.0,86.4,10.4,0.4,0.8,0.0,0.7,1.0,0.3,238.0,24.0,51.7,106.0,14.4,52.0,39.5,14.1,33.6,51.0
489,21822,73145717.0,2284863.0,1930.0,827.0,1476.0,345.0,11.0,23.0,0.0,2.0,38.0,35.0,76.5,17.9,0.6,1.2,0.0,0.1,2.0,1.8,283.0,14.7,44.5,49.0,5.9,56.8,34.6,13.1,28.0,182.0
490,21824,5692314.0,1189430.0,198.0,181.0,188.0,6.0,0.0,2.0,0.0,0.0,2.0,0.0,94.9,3.0,0.0,1.0,0.0,0.0,1.0,0.0,71.0,35.9,58.0,35.0,19.3,38.9,59.3,4.2,38.9,8.0
491,21826,11422761.0,165880.0,4837.0,2028.0,2865.0,1501.0,31.0,154.0,0.0,21.0,113.0,152.0,59.2,31.0,0.6,3.2,0.0,0.4,2.3,3.1,506.0,10.5,32.5,194.0,9.6,44.8,27.2,38.5,42.0,356.0
492,21829,47170995.0,5926773.0,527.0,247.0,435.0,55.0,2.0,1.0,0.0,0.0,10.0,24.0,82.5,10.4,0.4,0.2,0.0,0.0,1.9,4.6,107.0,20.3,44.2,27.0,10.9,43.1,43.1,24.2,33.9,34.0
493,21830,81112328.0,2294778.0,4026.0,1591.0,3342.0,502.0,7.0,31.0,0.0,2.0,62.0,80.0,83.0,12.5,0.2,0.8,0.0,0.0,1.5,2.0,527.0,13.1,39.7,98.0,6.2,65.2,22.3,16.0,24.8,253.0
494,21835,20827542.0,340679.0,507.0,235.0,412.0,61.0,3.0,4.0,0.0,0.0,5.0,22.0,81.3,12.0,0.6,0.8,0.0,0.0,1.0,4.3,90.0,17.8,47.4,16.0,6.8,30.0,65.6,12.7,41.0,26.0
495,21837,115023862.0,8456657.0,2614.0,1119.0,1899.0,560.0,12.0,9.0,2.0,6.0,60.0,66.0,72.6,21.4,0.5,0.3,0.1,0.2,2.3,2.5,372.0,14.2,41.6,109.0,9.7,57.3,29.0,19.3,33.9,161.0
496,21838,138436073.0,18580362.0,1736.0,894.0,1201.0,324.0,9.0,15.0,0.0,2.0,26.0,159.0,69.2,18.7,0.5,0.9,0.0,0.1,1.5,9.2,312.0,18.0,45.8,144.0,16.1,50.5,40.1,15.6,36.3,98.0
497,21840,13555319.0,19331009.0,375.0,276.0,276.0,75.0,1.0,1.0,0.0,2.0,5.0,15.0,73.6,20.0,0.3,0.3,0.0,0.5,1.3,4.0,92.0,24.5,51.8,41.0,14.9,50.9,39.2,16.4,35.0,18.0
498,21841,79837188.0,2394949.0,860.0,394.0,685.0,139.0,0.0,10.0,0.0,9.0,9.0,8.0,79.7,16.2,0.0,1.2,0.0,1.0,1.0,0.9,133.0,15.5,43.6,40.0,10.2,53.8,33.7,18.9,24.1,61.0
499,21842,23029459.0,17197937.0,11089.0,32844.0,9987.0,244.0,21.0,132.0,0.0,28.0,132.0,545.0,90.1,2.2,0.2,1.2,0.0,0.3,1.2,4.9,2836.0,25.6,50.6,4162.0,12.7,43.2,39.2,29.0,32.8,903.0
501,21849,90013651.0,345848.0,3238.0,1375.0,2867.0,186.0,6.0,42.0,0.0,5.0,60.0,72.0,88.5,5.7,0.2,1.3,0.0,0.2,1.9,2.2,445.0,13.7,42.3,109.0,7.9,54.7,32.3,19.2,33.2,206.0
502,21850,80528167.0,180164.0,2790.0,1279.0,2545.0,100.0,4.0,38.0,0.0,4.0,47.0,52.0,91.2,3.6,0.1,1.4,0.0,0.1,1.7,1.9,369.0,13.2,40.5,109.0,8.5,52.7,30.6,24.0,35.9,152.0
503,21851,273836833.0,5198199.0,7315.0,3365.0,4335.0,2527.0,26.0,117.0,0.0,13.0,137.0,160.0,59.3,34.5,0.4,1.6,0.0,0.2,1.9,2.2,1224.0,16.7,41.7,398.0,11.8,42.2,35.7,34.3,47.7,557.0
504,21853,308185662.0,26000207.0,11126.0,4431.0,4207.0,6158.0,24.0,88.0,1.0,30.0,216.0,402.0,37.8,55.3,0.2,0.8,0.0,0.3,1.9,3.6,1255.0,11.3,25.0,459.0,10.4,33.1,35.1,48.9,50.8,713.0
505,21856,90719319.0,9021175.0,1035.0,440.0,704.0,280.0,2.0,6.0,0.0,0.0,21.0,22.0,68.0,27.1,0.2,0.6,0.0,0.0,2.0,2.1,168.0,16.2,43.0,58.0,13.2,56.4,28.9,20.6,26.8,50.0
506,21861,6787689.0,1260110.0,757.0,337.0,686.0,42.0,0.0,3.0,0.0,0.0,12.0,14.0,90.6,5.5,0.0,0.4,0.0,0.0,1.6,1.8,117.0,15.5,40.9,29.0,8.6,47.6,41.6,18.5,31.0,37.0
507,21862,3289065.0,5474.0,106.0,54.0,90.0,5.0,2.0,6.0,0.0,0.0,0.0,3.0,84.9,4.7,1.9,5.7,0.0,0.0,0.0,2.8,14.0,13.2,46.0,7.0,13.0,25.5,50.0,48.9,25.0,13.0
508,21863,300061689.0,9781536.0,5029.0,2192.0,3346.0,1447.0,12.0,39.0,0.0,9.0,78.0,98.0,66.5,28.8,0.2,0.8,0.0,0.2,1.6,1.9,866.0,17.2,44.3,224.0,10.2,45.6,35.9,28.8,43.7,303.0
509,21864,55088003.0,6539888.0,611.0,309.0,460.0,118.0,2.0,2.0,0.0,0.0,14.0,15.0,75.3,19.3,0.3,0.3,0.0,0.0,2.3,2.5,107.0,17.5,45.5,54.0,17.5,52.1,34.0,21.1,29.6,39.0
510,21865,41813534.0,10319144.0,470.0,286.0,393.0,69.0,0.0,1.0,0.0,0.0,2.0,5.0,83.6,14.7,0.0,0.2,0.0,0.0,0.4,1.1,107.0,22.8,51.0,38.0,13.3,55.1,36.7,13.0,42.9,23.0
513,21869,245571192.0,34322672.0,1006.0,561.0,744.0,220.0,6.0,2.0,0.0,3.0,17.0,14.0,74.0,21.9,0.6,0.2,0.0,0.3,1.7,1.4,223.0,22.2,48.0,77.0,13.7,39.9,50.1,20.0,40.6,64.0
514,21871,175572653.0,17958893.0,2124.0,1080.0,1514.0,523.0,6.0,13.0,1.0,1.0,30.0,36.0,71.3,24.6,0.3,0.6,0.0,0.0,1.4,1.7,379.0,17.8,45.9,154.0,14.3,45.9,42.2,20.5,25.2,104.0
515,21872,46808316.0,216712.0,718.0,307.0,600.0,85.0,2.0,13.0,0.0,0.0,9.0,9.0,83.6,11.8,0.3,1.8,0.0,0.0,1.3,1.3,109.0,15.2,45.2,28.0,9.1,50.6,39.6,16.2,25.9,54.0
516,21874,69407025.0,113317.0,2210.0,917.0,1973.0,111.0,4.0,28.0,0.0,2.0,32.0,60.0,89.3,5.0,0.2,1.3,0.0,0.1,1.4,2.7,256.0,11.6,38.1,65.0,7.1,54.0,29.6,23.3,33.5,137.0
517,21875,60796561.0,93909.0,6467.0,2796.0,4853.0,976.0,12.0,238.0,0.0,5.0,159.0,224.0,75.0,15.1,0.2,3.7,0.0,0.1,2.5,3.5,700.0,10.8,37.1,283.0,10.1,51.4,25.8,30.7,35.1,536.0
518,21890,342406.0,1649.0,3240.0,0.0,811.0,2392.0,1.0,2.0,0.0,0.0,6.0,28.0,25.0,73.8,0.0,0.1,0.0,0.0,0.2,0.9,50.0,1.5,35.6,0.0,0.0,0.0,0.0,0.0,0.0,1097.0
519,21901,127422037.0,8413939.0,15875.0,6648.0,14350.0,665.0,36.0,160.0,0.0,5.0,270.0,389.0,90.4,4.2,0.2,1.0,0.0,0.0,1.7,2.5,1632.0,10.3,37.0,413.0,6.2,55.6,21.8,28.9,32.2,797.0
521,21903,31427354.0,246434.0,5687.0,2613.0,4822.0,447.0,25.0,69.0,3.0,17.0,105.0,199.0,84.8,7.9,0.4,1.2,0.1,0.3,1.8,3.5,750.0,13.2,42.2,188.0,7.2,53.3,22.4,31.4,28.8,321.0
522,21904,61208326.0,6533406.0,7252.0,2871.0,6493.0,371.0,24.0,38.0,0.0,7.0,148.0,171.0,89.5,5.1,0.3,0.5,0.0,0.1,2.0,2.4,775.0,10.7,40.7,231.0,8.0,59.4,27.6,17.9,30.2,298.0
524,21911,96719926.0,686672.0,11004.0,4081.0,10486.0,68.0,29.0,57.0,5.0,3.0,124.0,232.0,95.3,0.6,0.3,0.5,0.0,0.0,1.1,2.1,1385.0,12.6,38.7,182.0,4.5,57.9,25.3,22.5,25.4,752.0
525,21912,81430162.0,3579873.0,1231.0,508.0,1042.0,92.0,2.0,4.0,0.0,6.0,8.0,77.0,84.6,7.5,0.2,0.3,0.0,0.5,0.6,6.3,141.0,11.5,40.9,32.0,6.3,56.9,26.6,22.5,23.7,83.0
526,21913,1165581.0,0.0,663.0,264.0,524.0,78.0,0.0,3.0,2.0,0.0,9.0,47.0,79.0,11.8,0.0,0.5,0.3,0.0,1.4,7.1,85.0,12.8,35.4,24.0,9.1,45.1,27.7,37.6,38.0,68.0
527,21914,1903165.0,477110.0,765.0,428.0,734.0,0.0,1.0,4.0,0.0,0.0,7.0,19.0,95.9,0.0,0.1,0.5,0.0,0.0,0.9,2.5,117.0,15.3,43.6,40.0,9.3,55.3,29.4,21.7,35.3,39.0
528,21915,65591600.0,12194841.0,3030.0,1582.0,2784.0,54.0,4.0,11.0,6.0,0.0,19.0,152.0,91.9,1.8,0.1,0.4,0.2,0.0,0.6,5.0,504.0,16.6,46.0,105.0,6.6,55.3,29.7,21.4,29.9,163.0
530,21917,20265281.0,146369.0,2520.0,907.0,2387.0,30.0,2.0,17.0,1.0,8.0,38.0,37.0,94.7,1.2,0.1,0.7,0.0,0.3,1.5,1.5,310.0,12.3,42.0,39.0,4.3,68.2,22.1,12.5,16.7,134.0
531,21918,45741330.0,6628177.0,4284.0,1589.0,4096.0,55.0,6.0,30.0,2.0,5.0,45.0,45.0,95.6,1.3,0.1,0.7,0.0,0.1,1.1,1.1,481.0,11.2,41.2,69.0,4.3,61.1,30.0,12.8,24.2,208.0
532,21919,112736603.0,22553121.0,3467.0,2179.0,3321.0,43.0,14.0,8.0,0.0,2.0,39.0,40.0,95.8,1.2,0.4,0.2,0.0,0.1,1.1,1.2,676.0,19.5,47.1,84.0,3.9,52.7,39.5,12.9,21.7,143.0
534,21921,244939298.0,14098236.0,44471.0,17232.0,36707.0,3953.0,98.0,673.0,20.0,37.0,989.0,1994.0,82.5,8.9,0.2,1.5,0.0,0.1,2.2,4.5,4818.0,10.8,36.7,892.0,5.2,51.9,24.5,31.3,34.5,2875.0
535,21930,1907039.0,186920.0,94.0,58.0,67.0,21.0,0.0,1.0,0.0,0.0,3.0,2.0,71.3,22.3,0.0,1.1,0.0,0.0,3.2,2.1,22.0,23.4,50.3,8.0,13.8,23.9,54.2,47.8,21.4,0.0
